url,links_in
"https://www.kassia.ro/animatori-petreceri-copii",1644
"https://www.kassia.ro/pachete-animatori-copii-bucuresti",1639
"https://www.kassia.ro/animatori-cu-mascote-petreceri-copii-bucuresti",1617
"https://www.kassia.ro/baloane-heliu-bucuresti",1411
"https://www.kassia.ro/arcada-baloane-bucuresti",1409
"https://www.kassia.ro/panou-foto-baloane-bucuresti",1399
"https://www.kassia.ro/decoratiuni-baloane-corporate-bucuresti",1302
"https://www.kassia.ro/decoratiuni-baloane-botez-bucuresti",1210
"https://www.kassia.ro/decoratiuni-baloane-nunta-bucuresti",1206
"https://www.kassia.ro",907
"https://www.kassia.ro/modelaj-baloane-copii-bucuresti",831
"https://www.kassia.ro/pictura-pe-fata-copii-bucuresti",826
"https://www.kassia.ro/mini-disco-copii-bucuresti",824
"https://www.kassia.ro/decoratiuni-baloane-majorat-bucuresti",823
"https://www.kassia.ro/decoratiuni-baloane-aniversare-copii-bucuresti",823
"https://www.kassia.ro/jocuri-interactive-copii-bucuresti",813
"https://www.kassia.ro/personaje-petreceri-copii-bucuresti",811
"https://www.kassia.ro/decoratiuni-baloane-gender-reveal-bucuresti",809
"https://www.kassia.ro/decoratiuni-baloane-baby-shower-bucuresti",809
"https://www.kassia.ro/decoratiuni-baloane-absolvire-bucuresti",809
"https://www.kassia.ro/aranjamente-baloane-bucuresti",808
"https://www.kassia.ro/buchete-baloane-bucuresti",808
"https://www.kassia.ro/baloane-cifre-litere-bucuresti",808
"https://www.kassia.ro/ghirlande-baloane-bucuresti",808
"https://www.kassia.ro/stalpi-baloane-bucuresti",808
"https://www.kassia.ro/perete-baloane-bucuresti",808
"https://www.kassia.ro/livrare-baloane-bucuresti",808
"https://www.kassia.ro/contact",633
"https://www.kassia.ro/decoratiuni-baloane-bucuresti",591
"https://www.kassia.ro/galerie",437
"https://www.kassia.ro/preturi-decoratiuni-baloane",432
"https://www.kassia.ro/preturi-animatori-copii-bucuresti",132
"https://www.kassia.ro/decoratiuni-baloane-turta-bucuresti",96
"https://www.kassia.ro/decoratiuni-baloane-mot-bucuresti",96
"https://www.kassia.ro/decoratiuni-baloane-deschidere-restaurant-bucuresti",96
"https://www.kassia.ro/personaje-animatori-copii-bucuresti",25
"https://www.kassia.ro/mascote-petreceri-copii-bucuresti",19
"https://www.kassia.ro/decoratiuni-baloane-aniversare-adulti-bucuresti",12
"https://www.kassia.ro/buchete-baloane-aniversare-bucuresti",9
"https://www.kassia.ro/animatori-petreceri-copii-sector-4",7
"https://www.kassia.ro/animatori-petreceri-copii-sector-2",6
"https://www.kassia.ro/animatori-petreceri-copii-sector-3",5
"https://www.kassia.ro/animatori-petreceri-copii-sector-6",5
"https://www.kassia.ro/animatori-petreceri-copii-sector-5",5
"https://www.kassia.ro/animatori-petreceri-copii-sector-1",5
"https://www.kassia.ro/animatori-petreceri-copii-popesti-leordeni",5
"https://www.kassia.ro/animatori-petreceri-copii-berceni",5
"https://www.kassia.ro/animatori-petreceri-copii-voluntari",5
"https://www.kassia.ro/arcada-baloane-botez-bucuresti",4
"https://www.kassia.ro/baloane-heliu-majorat-bucuresti",4
"https://www.kassia.ro/baloane-heliu-aniversare-bucuresti",3
"https://www.kassia.ro/panou-foto-baloane-majorat-bucuresti",2
"https://www.kassia.ro/panou-foto-baloane-botez-bucuresti",2
"https://www.kassia.ro/ateliere-creative-copii-bucuresti",2
"https://www.kassia.ro/decoratiuni-baloane-ilfov",2
"https://www.kassia.ro/blog/cat-costa-un-decor-de-baloane-pentru-botez",2
"https://www.kassia.ro/blog/idei-decor-baloane-botez",2
"https://www.kassia.ro/arcada-baloane-majorat-bucuresti",1
"https://www.kassia.ro/decoratiuni-baloane-8-martie-bucuresti",1
"https://www.kassia.ro/decoratiuni-baloane-cununie-bucuresti",1
"https://www.kassia.ro/decoratiuni-baloane-petrecere-bucuresti",1
"https://www.kassia.ro/decoratiuni-baloane-deschidere-magazin-bucuresti",1
"https://www.kassia.ro/decoratiuni-baloane-scoala-bucuresti",1
"https://www.kassia.ro/decoratiuni-baloane-halloween-bucuresti",1
"https://www.kassia.ro/decoratiuni-baloane-revelion-bucuresti",1
"https://www.kassia.ro/decoratiuni-baloane-showroom-bucuresti",1
"https://www.kassia.ro/decoratiuni-baloane-gradinita-bucuresti",1
"https://www.kassia.ro/decoratiuni-baloane-craciun-bucuresti",1
"https://www.kassia.ro/decoratiuni-baloane-paste-bucuresti",1
"https://www.kassia.ro/decoratiuni-baloane-1-iunie-bucuresti",1
"https://www.kassia.ro/decoratiuni-baloane-roz-auriu-bucuresti",1
"https://www.kassia.ro/decoratiuni-baloane-alb-auriu-bucuresti",1
"https://www.kassia.ro/decoratiuni-baloane-lansare-produs-bucuresti",1
"https://www.kassia.ro/blog/ce-include-un-pachet-decor-baloane",1
"https://www.kassia.ro/blog/cum-alegi-arcada-de-baloane",1
"https://www.kassia.ro/blog/unde-se-poate-monta-o-arcada-de-baloane",1
"https://www.kassia.ro/blog/cat-rezista-o-arcada-de-baloane",1
"https://www.kassia.ro/blog/baloane-cu-heliu-pentru-majorat-idei",1
"https://www.kassia.ro/blog/idei-decor-baloane-mot-si-turta",1
"https://www.kassia.ro/blog/idei-decor-baloane-baby-shower",1
"https://www.kassia.ro/blog/decor-baloane-roz-auriu-idei",1
"https://www.kassia.ro/blog/cum-comanzi-decoratiuni-cu-baloane",1
"https://www.kassia.ro/blog/panou-foto-cu-baloane-idei-si-recomandari",1
"https://www.kassia.ro/blog/foto-corner-cu-baloane-pentru-evenimente",1
"https://www.kassia.ro/blog/baloane-personalizate-pentru-evenimente",1
"https://www.kassia.ro/blog/cat-costa-o-arcada-de-baloane",1
"https://www.kassia.ro/blog/cat-costa-un-panou-foto-cu-baloane",1
"https://www.kassia.ro/blog/baloane-heliu-cat-rezista",1
"https://www.kassia.ro/blog/cate-baloane-cu-heliu-sunt-necesare-pentru-o-camera",1
"https://www.kassia.ro/blog/baloane-cu-heliu-pentru-copii-idei",1
"https://www.kassia.ro/blog/idei-decor-baloane-aniversare-copii",1
"https://www.kassia.ro/blog/cum-alegi-culorile-pentru-decorul-cu-baloane",1
"https://www.kassia.ro/blog/decor-baloane-pastel-idei",1
"https://www.kassia.ro/blog/decor-baloane-minimalist-sau-spectaculos",1
"https://www.kassia.ro/blog/ce-informatii-trebuie-sa-trimiti-pentru-o-oferta",1
"https://www.kassia.ro/blog/cum-se-face-montajul-decoratiunilor-cu-baloane",1
"https://www.kassia.ro/blog/buchete-baloane-cand-se-potrivesc",1
"https://www.kassia.ro/blog/cat-costa-baloanele-cu-heliu",1
"https://www.kassia.ro/blog/cum-alegi-pachetul-de-decoratiuni-baloane",1
"https://www.kassia.ro/blog/arcada-baloane-organica-sau-clasica",1
"https://www.kassia.ro/blog/baloane-heliu-latex-sau-folie",1
"https://www.kassia.ro/blog/cum-se-transporta-baloanele-cu-heliu",1
"https://www.kassia.ro/blog/idei-decor-baloane-nunta",1
"https://www.kassia.ro/blog/idei-decor-baloane-gender-reveal",1
"https://www.kassia.ro/blog/idei-decor-baloane-corporate",1
"https://www.kassia.ro/blog/decor-baloane-alb-auriu-idei",1
"https://www.kassia.ro/blog/cu-cat-timp-inainte-se-comanda-decorul-cu-baloane",1
"https://www.kassia.ro/blog/se-pot-monta-decoratiuni-cu-baloane-in-exterior",1
"https://www.kassia.ro/blog/cifre-si-litere-din-baloane-cand-se-folosesc",1
"https://www.kassia.ro/blog/cat-costa-decoratiunile-cu-baloane",1
"https://www.kassia.ro/blog/cat-costa-un-decor-de-baloane-pentru-nunta",1
"https://www.kassia.ro/blog/ce-dimensiune-trebuie-sa-aiba-o-arcada-de-baloane",1
"https://www.kassia.ro/blog/idei-arcada-baloane-pentru-evenimente",1
"https://www.kassia.ro/blog/idei-decor-baloane-cununie",1
"https://www.kassia.ro/blog/idei-decor-baloane-majorat",1
"https://www.kassia.ro/blog/idei-decor-baloane-aniversare-adulti",1
"https://www.kassia.ro/blog/decor-baloane-luxury-idei",1
"https://www.kassia.ro/blog/ce-se-intampla-cu-decorul-dupa-eveniment",1
"https://www.kassia.ro/blog/candy-bar-cu-decor-de-baloane-idei",1
"https://www.kassia.ro/animatori-gradinita-bucuresti",0
"https://www.kassia.ro/animatori-botez-bucuresti",0
"https://www.kassia.ro/jocuri-muzicale-copii-bucuresti",0
"https://www.kassia.ro/animatori-evenimente-copii-bucuresti",0
"https://www.kassia.ro/pachet-animator-si-pictura-pe-fata-bucuresti",0
"https://www.kassia.ro/animatori-eveniment-corporate-copii-bucuresti",0
"https://www.kassia.ro/animatori-serbare-copii-bucuresti",0
"https://www.kassia.ro/animatori-mot-turta-bucuresti",0
"https://www.kassia.ro/pachet-animator-si-jocuri-copii-bucuresti",0
"https://www.kassia.ro/animatori-petrecere-tematica-copii-bucuresti",0
"https://www.kassia.ro/animatori-scoala-bucuresti",0
"https://www.kassia.ro/animatori-printese-bucuresti",0
"https://www.kassia.ro/animatori-clovni-bucuresti",0
"https://www.kassia.ro/animatori-supereroi-bucuresti",0
"https://www.kassia.ro/animatori-tematica-unicorn-bucuresti",0
"https://www.kassia.ro/animatori-tematica-jungla-bucuresti",0
"https://www.kassia.ro/animatori-tematica-disco-bucuresti",0
"https://www.kassia.ro/animatori-tematica-aventura-bucuresti",0
"https://www.kassia.ro/animatori-tematica-dinozauri-bucuresti",0
"https://www.kassia.ro/animatori-copii-la-restaurant-bucuresti",0
"https://www.kassia.ro/animatori-tematica-safari-bucuresti",0
"https://www.kassia.ro/animatori-tematica-povesti-bucuresti",0
"https://www.kassia.ro/animatori-tematica-basm-bucuresti",0
"https://www.kassia.ro/animatori-tematica-spatiu-bucuresti",0
"https://www.kassia.ro/animatori-tematica-circ-bucuresti",0
"https://www.kassia.ro/animatori-tematica-curcubeu-bucuresti",0
"https://www.kassia.ro/animatori-tematica-petrecere-baieti-bucuresti",0
"https://www.kassia.ro/animatori-tematica-fotbal-bucuresti",0
"https://www.kassia.ro/animatori-tematica-animale-bucuresti",0
"https://www.kassia.ro/animatori-tematica-cavaleri-bucuresti",0
"https://www.kassia.ro/animatori-tematica-petrecere-fete-bucuresti",0
"https://www.kassia.ro/animatori-tematica-detectivi-bucuresti",0
"https://www.kassia.ro/animatori-petreceri-copii-herastrau",0
"https://www.kassia.ro/portofoliu-evenimente",0
"https://www.kassia.ro/animatori-petrecere-5-ani-bucuresti",0
"https://www.kassia.ro/animatori-petrecere-9-ani-bucuresti",0
"https://www.kassia.ro/animatori-copii-sector-6",0
"https://www.kassia.ro/termeni-si-conditii",0
"https://www.kassia.ro/blog",0
"https://www.kassia.ro/politica-cookies",0
"https://www.kassia.ro/despre-noi",0
"https://www.kassia.ro/animatori-copii-aviatiei",0
"https://www.kassia.ro/animatori-copii-dorobanti",0
"https://www.kassia.ro/decoratiuni-baloane-herastrau",0
"https://www.kassia.ro/animatori-copii-pipera-bucuresti",0
"https://www.kassia.ro/decoratiuni-baloane-victoriei",0
"https://www.kassia.ro/decoratiuni-baloane-colentina",0
"https://www.kassia.ro/decoratiuni-baloane-obor",0
"https://www.kassia.ro/decoratiuni-baloane-tei",0
"https://www.kassia.ro/decoratiuni-baloane-giulesti",0
"https://www.kassia.ro/decoratiuni-baloane-tineretului",0
"https://www.kassia.ro/decoratiuni-baloane-tunari",0
"https://www.kassia.ro/animatori-petreceri-copii-bucuresti",0
"https://www.kassia.ro/animatori-petreceri-copii-ilfov",0
"https://www.kassia.ro/home",0
"https://www.kassia.ro/cat-costa-un-decor-de-baloane-pentru-nunta",0
"https://www.kassia.ro/ce-include-un-pachet-decor-baloane",0
"https://www.kassia.ro/cum-alegi-pachetul-de-decoratiuni-baloane",0
"https://www.kassia.ro/cum-alegi-arcada-de-baloane",0
"https://www.kassia.ro/animatori-cu-concursuri-copii-bucuresti",0
"https://www.kassia.ro/animator-copii-1-ora-bucuresti",0
"https://www.kassia.ro/animator-copii-2-ore-bucuresti",0
"https://www.kassia.ro/idei-decor-baloane-aniversare-copii",0
"https://www.kassia.ro/idei-jocuri-petrecere-copii",0
"https://www.kassia.ro/arcada-baloane-organica-sau-clasica",0
"https://www.kassia.ro/baloane-personalizate-pentru-evenimente",0
"https://www.kassia.ro/ce-dimensiune-trebuie-sa-aiba-o-arcada-de-baloane",0
"https://www.kassia.ro/panou-foto-cu-baloane-idei-si-recomandari",0
"https://www.kassia.ro/foto-corner-cu-baloane-pentru-evenimente",0
"https://www.kassia.ro/decoratiuni-baloane-berceni",0
"https://www.kassia.ro/recenzii",0
"https://www.kassia.ro/decoratiuni-baloane-oltenitei",0
"https://www.kassia.ro/animatori-copii-baneasa",0
"https://www.kassia.ro/decoratiuni-baloane-drumul-taberei",0
"https://www.kassia.ro/decoratiuni-baloane-militari",0
"https://www.kassia.ro/intrebari-frecvente",0
"https://www.kassia.ro/decoratiuni-baloane-piata-sudului",0
"https://www.kassia.ro/decoratiuni-baloane-pipera",0
"https://www.kassia.ro/decoratiuni-baloane-otopeni",0
"https://www.kassia.ro/decoratiuni-baloane-bragadiru",0
"https://www.kassia.ro/decoratiuni-baloane-magurele",0
"https://www.kassia.ro/decoratiuni-baloane-afumati",0
"https://www.kassia.ro/cat-costa-decoratiunile-cu-baloane",0
"https://www.kassia.ro/decoratiuni-baloane-crangasi",0
"https://www.kassia.ro/decoratiuni-baloane-grozavesti",0
"https://www.kassia.ro/baloane-personalizate-bucuresti",0
"https://www.kassia.ro/dans-si-muzica-pentru-copii-bucuresti",0
"https://www.kassia.ro/decoratiuni-baloane-domnesti",0
"https://www.kassia.ro/decoratiuni-baloane-dascalu",0
"https://www.kassia.ro/arcada-baloane-nunta-bucuresti",0
"https://www.kassia.ro/decoratiuni-baloane-aparatorii-patriei",0
"https://www.kassia.ro/decoratiuni-baloane-sector-4",0
"https://www.kassia.ro/decoratiuni-baloane-sector-5",0
"https://www.kassia.ro/decoratiuni-baloane-sector-6",0
"https://www.kassia.ro/decoratiuni-baloane-aviatiei",0
"https://www.kassia.ro/decoratiuni-baloane-baneasa",0
"https://www.kassia.ro/decoratiuni-baloane-domenii",0
"https://www.kassia.ro/animatori-pentru-copii-4-10-ani-bucuresti",0
"https://www.kassia.ro/animatori-after-school-bucuresti",0
"https://www.kassia.ro/decoratiuni-baloane-sector-1",0
"https://www.kassia.ro/decoratiuni-baloane-mogosoaia",0
"https://www.kassia.ro/decoratiuni-baloane-chiajna",0
"https://www.kassia.ro/decoratiuni-baloane-cernica",0
"https://www.kassia.ro/decoratiuni-baloane-stefanestii-de-jos",0
"https://www.kassia.ro/decoratiuni-baloane-clinceni",0
"https://www.kassia.ro/decoratiuni-baloane-dragomiresti-vale",0
"https://www.kassia.ro/decoratiuni-baloane-jilava",0
"https://www.kassia.ro/idei-decor-baloane-majorat",0
"https://www.kassia.ro/spectacol-magie-copii-bucuresti",0
"https://www.kassia.ro/idei-decor-baloane-aniversare-adulti",0
"https://www.kassia.ro/buchete-baloane-cand-se-potrivesc",0
"https://www.kassia.ro/decoratiuni-baloane-stefan-cel-mare",0
"https://www.kassia.ro/decoratiuni-baloane-dristor",0
"https://www.kassia.ro/cat-costa-baloanele-cu-heliu",0
"https://www.kassia.ro/cat-costa-un-panou-foto-cu-baloane",0
"https://www.kassia.ro/decoratiuni-baloane-titan",0
"https://www.kassia.ro/decoratiuni-baloane-vitan",0
"https://www.kassia.ro/decoratiuni-baloane-unirii",0
"https://www.kassia.ro/decoratiuni-baloane-dudesti",0
"https://www.kassia.ro/decoratiuni-baloane-rahova",0
"https://www.kassia.ro/decoratiuni-baloane-13-septembrie",0
"https://www.kassia.ro/decoratiuni-baloane-ferentari",0
"https://www.kassia.ro/decoratiuni-baloane-sebastian",0
"https://www.kassia.ro/decoratiuni-baloane-sector-2",0
"https://www.kassia.ro/decoratiuni-baloane-sector-3",0
"https://www.kassia.ro/animatori-petrecere-copii-prescolari-bucuresti",0
"https://www.kassia.ro/animatori-petrecere-copii-scolari-bucuresti",0
"https://www.kassia.ro/animatori-petrecere-3-ani-bucuresti",0
"https://www.kassia.ro/animatori-petrecere-6-ani-bucuresti",0
"https://www.kassia.ro/animatori-petrecere-7-ani-bucuresti",0
"https://www.kassia.ro/animatori-petrecere-12-ani-bucuresti",0
"https://www.kassia.ro/animatori-pentru-copii-mici-bucuresti",0
"https://www.kassia.ro/animatori-family-day-bucuresti",0
"https://www.kassia.ro/pachet-animator-si-mascota-bucuresti",0
"https://www.kassia.ro/decoratiuni-baloane-balotesti",0
"https://www.kassia.ro/decoratiuni-baloane-chitila",0
"https://www.kassia.ro/decoratiuni-baloane-popesti-leordeni",0
"https://www.kassia.ro/decoratiuni-baloane-berceni-ilfov",0
"https://www.kassia.ro/decoratiuni-baloane-pantelimon-ilfov",0
"https://www.kassia.ro/decoratiuni-baloane-snagov",0
"https://www.kassia.ro/decoratiuni-baloane-1-decembrie",0
"https://www.kassia.ro/animatori-petrecere-copii-vara-bucuresti",0
"https://www.kassia.ro/cat-costa-o-arcada-de-baloane",0
"https://www.kassia.ro/cat-costa-un-decor-de-baloane-pentru-botez",0
"https://www.kassia.ro/decoratiuni-baloane-pantelimon",0
"https://www.kassia.ro/idei-decor-baloane-mot-si-turta",0
"https://www.kassia.ro/idei-decor-baloane-nunta",0
"https://www.kassia.ro/idei-decor-baloane-cununie",0
"https://www.kassia.ro/idei-decor-baloane-baby-shower",0
"https://www.kassia.ro/cu-cat-timp-inainte-se-comanda-decorul-cu-baloane",0
"https://www.kassia.ro/animatori-zi-de-nastere-copii-bucuresti",0
"https://www.kassia.ro/animatori-petrecere-baieti-bucuresti",0
"https://www.kassia.ro/unde-se-poate-monta-o-arcada-de-baloane",0
"https://www.kassia.ro/cat-rezista-o-arcada-de-baloane",0
"https://www.kassia.ro/idei-arcada-baloane-pentru-evenimente",0
"https://www.kassia.ro/baloane-heliu-cat-rezista",0
"https://www.kassia.ro/baloane-heliu-latex-sau-folie",0
"https://www.kassia.ro/cum-se-transporta-baloanele-cu-heliu",0
"https://www.kassia.ro/baloane-cu-heliu-pentru-copii-idei",0
"https://www.kassia.ro/animatori-petrecere-fetite-bucuresti",0
"https://www.kassia.ro/baloane-cu-heliu-pentru-majorat-idei",0
"https://www.kassia.ro/animatori-petrecere-1-an-bucuresti",0
"https://www.kassia.ro/animatori-petrecere-2-ani-bucuresti",0
"https://www.kassia.ro/decoratiuni-baloane-corbeanca",0
"https://www.kassia.ro/decor-baloane-candy-bar-bucuresti",0
"https://www.kassia.ro/idei-decor-baloane-botez",0
"https://www.kassia.ro/decor-baloane-pastel-idei",0
"https://www.kassia.ro/decor-baloane-minimalist-sau-spectaculos",0
"https://www.kassia.ro/cum-comanzi-decoratiuni-cu-baloane",0
"https://www.kassia.ro/idei-decor-baloane-corporate",0
"https://www.kassia.ro/animatori-copii-sector-2",0
"https://www.kassia.ro/animatori-petrecere-copii-iarna-bucuresti",0
"https://www.kassia.ro/animatori-copii-sector-1",0
"https://www.kassia.ro/idei-decor-baloane-gender-reveal",0
"https://www.kassia.ro/se-pot-monta-decoratiuni-cu-baloane-in-exterior",0
"https://www.kassia.ro/politica-de-confidentialitate",0
"https://www.kassia.ro/decoratiuni-baloane-cotroceni",0
"https://www.kassia.ro/decor-baloane-roz-auriu-idei",0
"https://www.kassia.ro/decor-baloane-alb-auriu-idei",0
"https://www.kassia.ro/cum-se-face-montajul-decoratiunilor-cu-baloane",0
"https://www.kassia.ro/ce-se-intampla-cu-decorul-dupa-eveniment",0
"https://www.kassia.ro/ce-informatii-trebuie-sa-trimiti-pentru-o-oferta",0
"https://www.kassia.ro/candy-bar-cu-decor-de-baloane-idei",0
"https://www.kassia.ro/cifre-si-litere-din-baloane-cand-se-folosesc",0
"https://www.kassia.ro/decoratiuni-baloane-voluntari",0
"https://www.kassia.ro/cate-baloane-cu-heliu-sunt-necesare-pentru-o-camera",0
"https://www.kassia.ro/cum-alegi-culorile-pentru-decorul-cu-baloane",0
"https://www.kassia.ro/decor-baloane-luxury-idei",0
"https://www.kassia.ro/animatori-petrecere-4-ani-bucuresti",0
"https://www.kassia.ro/animatori-petrecere-8-ani-bucuresti",0
"https://www.kassia.ro/animatori-petrecere-10-ani-bucuresti",0
"https://www.kassia.ro/animatori-petrecere-11-ani-bucuresti",0
"https://www.kassia.ro/animatori-copii-herastrau",0
"https://www.kassia.ro/animatori-copii-sector-4",0
"https://www.kassia.ro/animatori-copii-sector-5",0
"https://www.kassia.ro/animatori-petrecere-surpriza-copii-bucuresti",0
"https://www.kassia.ro/animatori-copii-sector-3",0
"https://www.kassia.ro/animatori-copii-floreasca",0
"https://www.kassia.ro/animatori-copii-colentina",0
"https://www.kassia.ro/animatori-copii-tineretului",0
"https://www.kassia.ro/animatori-copii-dristor",0
"https://www.kassia.ro/animatori-copii-vitan",0
"https://www.kassia.ro/animatori-copii-obor",0
"https://www.kassia.ro/animatori-copii-iancului",0
"https://www.kassia.ro/animatori-copii-muncii",0
"https://www.kassia.ro/animatori-copii-salajan",0
"https://www.kassia.ro/animatori-copii-ozana",0
"https://www.kassia.ro/animatori-copii-berceni",0
"https://www.kassia.ro/animatori-copii-brancoveanu",0
"https://www.kassia.ro/animatori-copii-oltenitei",0
"https://www.kassia.ro/animatori-copii-titan",0
"https://www.kassia.ro/animatori-copii-tei",0
"https://www.kassia.ro/animatori-copii-aparatorii-patriei",0
"https://www.kassia.ro/animatori-copii-piata-sudului",0
"https://www.kassia.ro/animatori-copii-crangasi",0
"https://www.kassia.ro/animatori-copii-grozavesti",0
"https://www.kassia.ro/animatori-copii-victoriei",0
"https://www.kassia.ro/animatori-copii-bragadiru",0
"https://www.kassia.ro/animatori-copii-mosilor",0
"https://www.kassia.ro/animatori-copii-unirii",0
"https://www.kassia.ro/animatori-aniversari-copii-bucuresti",0
"https://www.kassia.ro/animatori-copii-giurgiului",0
"https://www.kassia.ro/animatori-copii-vacaresti",0
"https://www.kassia.ro/animatori-copii-cotroceni",0
"https://www.kassia.ro/animatori-copii-rahova",0
"https://www.kassia.ro/animatori-copii-13-septembrie",0
"https://www.kassia.ro/animatori-copii-ferentari",0
"https://www.kassia.ro/animatori-copii-regie",0
"https://www.kassia.ro/animatori-copii-ghencea",0
"https://www.kassia.ro/animatori-petrecere-copii-weekend-bucuresti",0
"https://www.kassia.ro/animatori-copii-nicolae-grigorescu",0
"https://www.kassia.ro/animatori-copii-lujerului",0
"https://www.kassia.ro/animatori-copii-domenii",0
"https://www.kassia.ro/animatori-copii-universitate",0
"https://www.kassia.ro/animatori-copii-drumul-taberei",0
"https://www.kassia.ro/animatori-copii-chitila",0
"https://www.kassia.ro/animatori-copii-primaverii",0
"https://www.kassia.ro/animatori-copii-pantelimon-bucuresti",0
"https://www.kassia.ro/animatori-copii-militari",0
"https://www.kassia.ro/animatori-copii-giulesti",0
"https://www.kassia.ro/animatori-copii-romana",0
"https://www.kassia.ro/animatori-copii-buftea",0
"https://www.kassia.ro/animatori-copii-branesti",0
"https://www.kassia.ro/animatori-copii-dascalu",0
"https://www.kassia.ro/animatori-copii-gradistea",0
"https://www.kassia.ro/animatori-copii-nuci",0
"https://www.kassia.ro/animatori-copii-petrachioaia",0
"https://www.kassia.ro/animatori-copii-stefanestii-de-jos",0
"https://www.kassia.ro/animatori-copii-magurele",0
"https://www.kassia.ro/animatori-copii-popesti-leordeni",0
"https://www.kassia.ro/animatori-copii-berceni-ilfov-legacy",0
"https://www.kassia.ro/animatori-copii-dobroesti",0
"https://www.kassia.ro/animatori-copii-tunari",0
"https://www.kassia.ro/animatori-copii-afumati",0
"https://www.kassia.ro/animatori-copii-copaceni",0
"https://www.kassia.ro/animatori-copii-ganeasa",0
"https://www.kassia.ro/animatori-copii-moara-vlasiei",0
"https://www.kassia.ro/animatori-copii-peris",0
"https://www.kassia.ro/animatori-copii-otopeni",0
"https://www.kassia.ro/animatori-copii-corbeanca",0
"https://www.kassia.ro/animatori-copii-darasti-ilfov",0
"https://www.kassia.ro/animatori-copii-snagov",0
"https://www.kassia.ro/animatori-copii-cernica",0
"https://www.kassia.ro/animatori-copii-ciorogarla",0
"https://www.kassia.ro/animatori-copii-gruiu",0
"https://www.kassia.ro/animatori-copii-mogosoaia",0
"https://www.kassia.ro/animatori-copii-vidra",0
"https://www.kassia.ro/animatori-copii-pantelimon-ilfov",0
"https://www.kassia.ro/animatori-copii-balotesti",0
"https://www.kassia.ro/animatori-copii-chiajna",0
"https://www.kassia.ro/animatori-copii-ciolpani",0
"https://www.kassia.ro/animatori-copii-clinceni",0
"https://www.kassia.ro/animatori-copii-cornetu",0
"https://www.kassia.ro/animatori-copii-domnesti",0
"https://www.kassia.ro/animatori-copii-dragomiresti-vale",0
"https://www.kassia.ro/animatori-copii-glina",0
"https://www.kassia.ro/animatori-copii-jilava",0
"https://www.kassia.ro/animatori-pirati-bucuresti",0
"https://www.kassia.ro/animatori-zane-bucuresti",0
"https://www.kassia.ro/animatori-copii-voluntari",0
"https://www.kassia.ro/idei-petrecere-copii-ilfov",0
"https://www.kassia.ro/checklist-petrecere-copii",0
"https://www.kassia.ro/idei-petrecere-copii-iarna",0
"https://www.kassia.ro/cand-rezervi-animator-pentru-petrecere",0
"https://www.kassia.ro/animatori-copii-la-sala-evenimente-bucuresti",0
"https://www.kassia.ro/animatori-copii-la-curte-bucuresti",0
"https://www.kassia.ro/animatori-copii-la-terasa-bucuresti",0
"https://www.kassia.ro/idei-petrecere-copii-gradinita",0
"https://www.kassia.ro/petrecere-copii-la-1-an-idei",0
"https://www.kassia.ro/petrecere-copii-la-8-ani-idei",0
"https://www.kassia.ro/petrecere-copii-cu-printese",0
"https://www.kassia.ro/animatori-copii-acasa-bucuresti",0
"https://www.kassia.ro/cum-alegi-animator-petrecere-copii",0
"https://www.kassia.ro/idei-petrecere-copii-acasa",0
"https://www.kassia.ro/animatori-copii-in-aer-liber-bucuresti",0
"https://www.kassia.ro/animatori-copii-la-loc-de-joaca-bucuresti",0
"https://www.kassia.ro/animatori-copii-la-evenimente-private-bucuresti",0
"https://www.kassia.ro/petrecere-copii-la-2-ani-idei",0
"https://www.kassia.ro/petrecere-copii-la-6-ani-idei",0
"https://www.kassia.ro/idei-petrecere-copii-bucuresti",0
"https://www.kassia.ro/pictura-pe-fata-la-petreceri-copii",0
"https://www.kassia.ro/activitati-pentru-petreceri-copii",0
"https://www.kassia.ro/teme-petrecere-copii-baieti",0
"https://www.kassia.ro/petrecere-copii-cu-supereroi",0
"https://www.kassia.ro/modelaj-baloane-pentru-copii",0
"https://www.kassia.ro/ce-include-un-pachet-cu-animatori-copii",0
"https://www.kassia.ro/animatori-pentru-botez-ce-activitati-alegi",0
"https://www.kassia.ro/animatori-copii-acasa-sau-la-restaurant",0
"https://www.kassia.ro/greseli-de-evitat-la-petreceri-copii",0
"https://www.kassia.ro/teme-petrecere-copii-fete",0
"https://www.kassia.ro/petrecere-copii-la-5-ani-idei",0
"https://www.kassia.ro/cate-ore-trebuie-sa-stea-un-animator-la-petrecere",0
"https://www.kassia.ro/idei-petrecere-copii-vara",0
"https://www.kassia.ro/activitati-pentru-copii-de-3-ani",0
"https://www.kassia.ro/activitati-pentru-copii-de-5-ani",0
"https://www.kassia.ro/oferta-animatori-petreceri-copii-bucuresti",0
"https://www.kassia.ro/animatori-petreceri-copii-floreasca",0
"https://www.kassia.ro/animatori-tematici-petreceri-copii-bucuresti",0
"https://www.kassia.ro/petrecere-copii-la-3-ani-idei",0
"https://www.kassia.ro/petrecere-copii-la-4-ani-idei",0
"https://www.kassia.ro/petrecere-copii-la-7-ani-idei",0
"https://www.kassia.ro/cum-organizezi-o-petrecere-copii-reusita",0
"https://www.kassia.ro/petrecere-copii-cu-animatori-si-mascote",0
"https://www.kassia.ro/petrecere-copii-cu-personaje",0
"https://www.kassia.ro/cat-costa-un-animator-pentru-petrecere-copii",0
"https://www.kassia.ro/animator-sau-mascota-petrecere-copii",0
"https://www.kassia.ro/cum-pregatesti-copilul-pentru-petrecere",0
"https://www.kassia.ro/cum-alegi-tematica-petrecerii-copilului",0
"https://www.kassia.ro/activitati-pentru-copii-de-7-ani",0
"https://www.kassia.ro/ce-jocuri-fac-animatorii-la-petreceri-copii",0
"https://www.kassia.ro/petrecere-copii-in-bucuresti-ghid",0
"https://www.kassia.ro/petrecere-copii-in-ilfov-ghid",0
"https://www.kassia.ro/animatori-copii-1-decembrie",0