keyword_cluster,service,location,existing_page,existing_url,matching_confidence,page_quality,cannibalization_risk,cannibalizing_urls,search_intent,should_improve_existing,should_create_new_page,priority,reason
"animatori petreceri copii București","animatori petreceri copii","București",false,"","none","missing",false,"","Commercial Investigation",false,true,"P1","Missing dedicated page"
"animatori petreceri copii Sector 1","animatori petreceri copii","Sector 1",true,"https://www.kassia.ro/animatori-petreceri-copii-sector-1","partial","strong",false,"","Commercial Investigation",false,false,"P2","Needs improvement"
"animatori petreceri copii Sector 2","animatori petreceri copii","Sector 2",true,"https://www.kassia.ro/animatori-petreceri-copii-sector-2","partial","strong",false,"","Commercial Investigation",false,false,"P2","Needs improvement"
"animatori petreceri copii Sector 3","animatori petreceri copii","Sector 3",true,"https://www.kassia.ro/animatori-petreceri-copii-sector-3","partial","strong",false,"","Commercial Investigation",false,false,"P2","Needs improvement"
"animatori petreceri copii Sector 4","animatori petreceri copii","Sector 4",true,"https://www.kassia.ro/animatori-petreceri-copii-sector-4","partial","strong",false,"","Commercial Investigation",false,false,"P2","Needs improvement"
"animatori petreceri copii Sector 5","animatori petreceri copii","Sector 5",true,"https://www.kassia.ro/animatori-petreceri-copii-sector-5","partial","strong",false,"","Commercial Investigation",false,false,"P2","Needs improvement"
"animatori petreceri copii Sector 6","animatori petreceri copii","Sector 6",true,"https://www.kassia.ro/animatori-petreceri-copii-sector-6","partial","strong",false,"","Commercial Investigation",false,false,"P2","Needs improvement"
"animatori petreceri copii Ilfov","animatori petreceri copii","Ilfov",true,"https://www.kassia.ro/animatori-petreceri-copii","partial","strong",false,"","Commercial Investigation",false,false,"P2","Needs improvement"
"animatori petreceri copii Popești-Leordeni","animatori petreceri copii","Popești-Leordeni",false,"","none","missing",false,"","Commercial Investigation",false,true,"P1","Missing dedicated page"
"animatori petreceri copii Voluntari","animatori petreceri copii","Voluntari",true,"https://www.kassia.ro/animatori-petreceri-copii-voluntari","partial","strong",false,"","Commercial Investigation",false,false,"P2","Needs improvement"
"animatori petreceri copii Pipera","animatori petreceri copii","Pipera",true,"https://www.kassia.ro/animatori-petreceri-copii-voluntari","partial","strong",false,"","Commercial Investigation",false,false,"P2","Needs improvement"
"animatori petreceri copii Otopeni","animatori petreceri copii","Otopeni",false,"","none","missing",false,"","Commercial Investigation",false,true,"P1","Missing dedicated page"
"animatori petreceri copii Chiajna","animatori petreceri copii","Chiajna",false,"","none","missing",false,"","Commercial Investigation",false,true,"P1","Missing dedicated page"
"animatori petreceri copii Bragadiru","animatori petreceri copii","Bragadiru",false,"","none","missing",false,"","Commercial Investigation",false,true,"P1","Missing dedicated page"
"animatori petreceri copii Măgurele","animatori petreceri copii","Măgurele",false,"","none","missing",false,"","Commercial Investigation",false,true,"P1","Missing dedicated page"
"animatori petreceri copii Pantelimon","animatori petreceri copii","Pantelimon",false,"","none","missing",false,"","Commercial Investigation",false,true,"P1","Missing dedicated page"
"animatori petreceri copii Berceni","animatori petreceri copii","Berceni",true,"https://www.kassia.ro/animatori-petreceri-copii-berceni","partial","strong",false,"","Commercial Investigation",false,false,"P2","Needs improvement"
"animatori petreceri copii Domnești","animatori petreceri copii","Domnești",false,"","none","missing",false,"","Commercial Investigation",false,true,"P1","Missing dedicated page"
"animatori petreceri copii Tunari","animatori petreceri copii","Tunari",false,"","none","missing",false,"","Commercial Investigation",false,true,"P1","Missing dedicated page"
"animatori petreceri copii Corbeanca","animatori petreceri copii","Corbeanca",false,"","none","missing",false,"","Commercial Investigation",false,true,"P1","Missing dedicated page"
"animatori copii București","animatori copii","București",false,"","none","missing",false,"","Commercial Investigation",false,true,"P1","Missing dedicated page"
"animatori copii Sector 1","animatori copii","Sector 1",true,"https://www.kassia.ro/animatori-petreceri-copii-sector-1","partial","strong",false,"","Commercial Investigation",false,false,"P2","Needs improvement"
"animatori copii Sector 2","animatori copii","Sector 2",true,"https://www.kassia.ro/animatori-petreceri-copii-sector-2","partial","strong",false,"","Commercial Investigation",false,false,"P2","Needs improvement"
"animatori copii Sector 3","animatori copii","Sector 3",true,"https://www.kassia.ro/animatori-petreceri-copii-sector-3","partial","strong",false,"","Commercial Investigation",false,false,"P2","Needs improvement"
"animatori copii Sector 4","animatori copii","Sector 4",true,"https://www.kassia.ro/animatori-petreceri-copii-sector-4","partial","strong",false,"","Commercial Investigation",false,false,"P2","Needs improvement"
"animatori copii Sector 5","animatori copii","Sector 5",true,"https://www.kassia.ro/animatori-petreceri-copii-sector-5","partial","strong",false,"","Commercial Investigation",false,false,"P2","Needs improvement"
"animatori copii Sector 6","animatori copii","Sector 6",true,"https://www.kassia.ro/animatori-petreceri-copii-sector-6","partial","strong",false,"","Commercial Investigation",false,false,"P2","Needs improvement"
"animatori copii Ilfov","animatori copii","Ilfov",true,"https://www.kassia.ro/animatori-petreceri-copii","partial","strong",false,"","Commercial Investigation",false,false,"P2","Needs improvement"
"animatori copii Popești-Leordeni","animatori copii","Popești-Leordeni",false,"","none","missing",false,"","Commercial Investigation",false,true,"P1","Missing dedicated page"
"animatori copii Voluntari","animatori copii","Voluntari",true,"https://www.kassia.ro/animatori-petreceri-copii-voluntari","partial","strong",false,"","Commercial Investigation",false,false,"P2","Needs improvement"
"animatori copii Pipera","animatori copii","Pipera",true,"https://www.kassia.ro/animatori-petreceri-copii-voluntari","partial","strong",false,"","Commercial Investigation",false,false,"P2","Needs improvement"
"animatori copii Otopeni","animatori copii","Otopeni",false,"","none","missing",false,"","Commercial Investigation",false,true,"P1","Missing dedicated page"
"animatori copii Chiajna","animatori copii","Chiajna",false,"","none","missing",false,"","Commercial Investigation",false,true,"P1","Missing dedicated page"
"animatori copii Bragadiru","animatori copii","Bragadiru",false,"","none","missing",false,"","Commercial Investigation",false,true,"P1","Missing dedicated page"
"animatori copii Măgurele","animatori copii","Măgurele",false,"","none","missing",false,"","Commercial Investigation",false,true,"P1","Missing dedicated page"
"animatori copii Pantelimon","animatori copii","Pantelimon",false,"","none","missing",false,"","Commercial Investigation",false,true,"P1","Missing dedicated page"
"animatori copii Berceni","animatori copii","Berceni",true,"https://www.kassia.ro/animatori-petreceri-copii-berceni","partial","strong",false,"","Commercial Investigation",false,false,"P2","Needs improvement"
"animatori copii Domnești","animatori copii","Domnești",false,"","none","missing",false,"","Commercial Investigation",false,true,"P1","Missing dedicated page"
"animatori copii Tunari","animatori copii","Tunari",false,"","none","missing",false,"","Commercial Investigation",false,true,"P1","Missing dedicated page"
"animatori copii Corbeanca","animatori copii","Corbeanca",false,"","none","missing",false,"","Commercial Investigation",false,true,"P1","Missing dedicated page"
"mascote petreceri copii București","mascote petreceri copii","București",false,"","none","missing",false,"","Commercial Investigation",false,true,"P1","Missing dedicated page"
"mascote petreceri copii Sector 1","mascote petreceri copii","Sector 1",false,"","none","missing",false,"","Commercial Investigation",false,true,"P1","Missing dedicated page"
"mascote petreceri copii Sector 2","mascote petreceri copii","Sector 2",false,"","none","missing",false,"","Commercial Investigation",false,true,"P1","Missing dedicated page"
"mascote petreceri copii Sector 3","mascote petreceri copii","Sector 3",false,"","none","missing",false,"","Commercial Investigation",false,true,"P1","Missing dedicated page"
"mascote petreceri copii Sector 4","mascote petreceri copii","Sector 4",false,"","none","missing",false,"","Commercial Investigation",false,true,"P1","Missing dedicated page"
"mascote petreceri copii Sector 5","mascote petreceri copii","Sector 5",false,"","none","missing",false,"","Commercial Investigation",false,true,"P1","Missing dedicated page"
"mascote petreceri copii Sector 6","mascote petreceri copii","Sector 6",false,"","none","missing",false,"","Commercial Investigation",false,true,"P1","Missing dedicated page"
"mascote petreceri copii Ilfov","mascote petreceri copii","Ilfov",true,"https://www.kassia.ro/mascote-petreceri-copii-bucuresti","partial","strong",false,"","Commercial Investigation",false,false,"P2","Needs improvement"
"mascote petreceri copii Popești-Leordeni","mascote petreceri copii","Popești-Leordeni",false,"","none","missing",false,"","Commercial Investigation",false,true,"P1","Missing dedicated page"
"mascote petreceri copii Voluntari","mascote petreceri copii","Voluntari",false,"","none","missing",false,"","Commercial Investigation",false,true,"P1","Missing dedicated page"
"mascote petreceri copii Pipera","mascote petreceri copii","Pipera",false,"","none","missing",false,"","Commercial Investigation",false,true,"P1","Missing dedicated page"
"mascote petreceri copii Otopeni","mascote petreceri copii","Otopeni",false,"","none","missing",false,"","Commercial Investigation",false,true,"P1","Missing dedicated page"
"mascote petreceri copii Chiajna","mascote petreceri copii","Chiajna",false,"","none","missing",false,"","Commercial Investigation",false,true,"P1","Missing dedicated page"
"mascote petreceri copii Bragadiru","mascote petreceri copii","Bragadiru",false,"","none","missing",false,"","Commercial Investigation",false,true,"P1","Missing dedicated page"
"mascote petreceri copii Măgurele","mascote petreceri copii","Măgurele",false,"","none","missing",false,"","Commercial Investigation",false,true,"P1","Missing dedicated page"
"mascote petreceri copii Pantelimon","mascote petreceri copii","Pantelimon",false,"","none","missing",false,"","Commercial Investigation",false,true,"P1","Missing dedicated page"
"mascote petreceri copii Berceni","mascote petreceri copii","Berceni",false,"","none","missing",false,"","Commercial Investigation",false,true,"P1","Missing dedicated page"
"mascote petreceri copii Domnești","mascote petreceri copii","Domnești",false,"","none","missing",false,"","Commercial Investigation",false,true,"P1","Missing dedicated page"
"mascote petreceri copii Tunari","mascote petreceri copii","Tunari",false,"","none","missing",false,"","Commercial Investigation",false,true,"P1","Missing dedicated page"
"mascote petreceri copii Corbeanca","mascote petreceri copii","Corbeanca",false,"","none","missing",false,"","Commercial Investigation",false,true,"P1","Missing dedicated page"
"personaje petreceri copii București","personaje petreceri copii","București",false,"","none","missing",false,"","Commercial Investigation",false,true,"P1","Missing dedicated page"
"personaje petreceri copii Sector 1","personaje petreceri copii","Sector 1",false,"","none","missing",false,"","Commercial Investigation",false,true,"P1","Missing dedicated page"
"personaje petreceri copii Sector 2","personaje petreceri copii","Sector 2",false,"","none","missing",false,"","Commercial Investigation",false,true,"P1","Missing dedicated page"
"personaje petreceri copii Sector 3","personaje petreceri copii","Sector 3",false,"","none","missing",false,"","Commercial Investigation",false,true,"P1","Missing dedicated page"
"personaje petreceri copii Sector 4","personaje petreceri copii","Sector 4",false,"","none","missing",false,"","Commercial Investigation",false,true,"P1","Missing dedicated page"
"personaje petreceri copii Sector 5","personaje petreceri copii","Sector 5",false,"","none","missing",false,"","Commercial Investigation",false,true,"P1","Missing dedicated page"
"personaje petreceri copii Sector 6","personaje petreceri copii","Sector 6",false,"","none","missing",false,"","Commercial Investigation",false,true,"P1","Missing dedicated page"
"personaje petreceri copii Ilfov","personaje petreceri copii","Ilfov",true,"https://www.kassia.ro/personaje-animatori-copii-bucuresti","partial","strong",false,"","Commercial Investigation",false,false,"P2","Needs improvement"
"personaje petreceri copii Popești-Leordeni","personaje petreceri copii","Popești-Leordeni",false,"","none","missing",false,"","Commercial Investigation",false,true,"P1","Missing dedicated page"
"personaje petreceri copii Voluntari","personaje petreceri copii","Voluntari",false,"","none","missing",false,"","Commercial Investigation",false,true,"P1","Missing dedicated page"
"personaje petreceri copii Pipera","personaje petreceri copii","Pipera",false,"","none","missing",false,"","Commercial Investigation",false,true,"P1","Missing dedicated page"
"personaje petreceri copii Otopeni","personaje petreceri copii","Otopeni",false,"","none","missing",false,"","Commercial Investigation",false,true,"P1","Missing dedicated page"
"personaje petreceri copii Chiajna","personaje petreceri copii","Chiajna",false,"","none","missing",false,"","Commercial Investigation",false,true,"P1","Missing dedicated page"
"personaje petreceri copii Bragadiru","personaje petreceri copii","Bragadiru",false,"","none","missing",false,"","Commercial Investigation",false,true,"P1","Missing dedicated page"
"personaje petreceri copii Măgurele","personaje petreceri copii","Măgurele",false,"","none","missing",false,"","Commercial Investigation",false,true,"P1","Missing dedicated page"
"personaje petreceri copii Pantelimon","personaje petreceri copii","Pantelimon",false,"","none","missing",false,"","Commercial Investigation",false,true,"P1","Missing dedicated page"
"personaje petreceri copii Berceni","personaje petreceri copii","Berceni",false,"","none","missing",false,"","Commercial Investigation",false,true,"P1","Missing dedicated page"
"personaje petreceri copii Domnești","personaje petreceri copii","Domnești",false,"","none","missing",false,"","Commercial Investigation",false,true,"P1","Missing dedicated page"
"personaje petreceri copii Tunari","personaje petreceri copii","Tunari",false,"","none","missing",false,"","Commercial Investigation",false,true,"P1","Missing dedicated page"
"personaje petreceri copii Corbeanca","personaje petreceri copii","Corbeanca",false,"","none","missing",false,"","Commercial Investigation",false,true,"P1","Missing dedicated page"
"pictură pe față București","pictură pe față","București",false,"","none","missing",false,"","Commercial Investigation",false,true,"P1","Missing dedicated page"
"pictură pe față Sector 1","pictură pe față","Sector 1",false,"","none","missing",false,"","Commercial Investigation",false,true,"P1","Missing dedicated page"
"pictură pe față Sector 2","pictură pe față","Sector 2",false,"","none","missing",false,"","Commercial Investigation",false,true,"P1","Missing dedicated page"
"pictură pe față Sector 3","pictură pe față","Sector 3",false,"","none","missing",false,"","Commercial Investigation",false,true,"P1","Missing dedicated page"
"pictură pe față Sector 4","pictură pe față","Sector 4",false,"","none","missing",false,"","Commercial Investigation",false,true,"P1","Missing dedicated page"
"pictură pe față Sector 5","pictură pe față","Sector 5",false,"","none","missing",false,"","Commercial Investigation",false,true,"P1","Missing dedicated page"
"pictură pe față Sector 6","pictură pe față","Sector 6",false,"","none","missing",false,"","Commercial Investigation",false,true,"P1","Missing dedicated page"
"pictură pe față Ilfov","pictură pe față","Ilfov",false,"","none","missing",false,"","Commercial Investigation",false,true,"P1","Missing dedicated page"
"pictură pe față Popești-Leordeni","pictură pe față","Popești-Leordeni",false,"","none","missing",false,"","Commercial Investigation",false,true,"P1","Missing dedicated page"
"pictură pe față Voluntari","pictură pe față","Voluntari",false,"","none","missing",false,"","Commercial Investigation",false,true,"P1","Missing dedicated page"
"pictură pe față Pipera","pictură pe față","Pipera",false,"","none","missing",false,"","Commercial Investigation",false,true,"P1","Missing dedicated page"
"pictură pe față Otopeni","pictură pe față","Otopeni",false,"","none","missing",false,"","Commercial Investigation",false,true,"P1","Missing dedicated page"
"pictură pe față Chiajna","pictură pe față","Chiajna",false,"","none","missing",false,"","Commercial Investigation",false,true,"P1","Missing dedicated page"
"pictură pe față Bragadiru","pictură pe față","Bragadiru",false,"","none","missing",false,"","Commercial Investigation",false,true,"P1","Missing dedicated page"
"pictură pe față Măgurele","pictură pe față","Măgurele",false,"","none","missing",false,"","Commercial Investigation",false,true,"P1","Missing dedicated page"
"pictură pe față Pantelimon","pictură pe față","Pantelimon",false,"","none","missing",false,"","Commercial Investigation",false,true,"P1","Missing dedicated page"
"pictură pe față Berceni","pictură pe față","Berceni",false,"","none","missing",false,"","Commercial Investigation",false,true,"P1","Missing dedicated page"
"pictură pe față Domnești","pictură pe față","Domnești",false,"","none","missing",false,"","Commercial Investigation",false,true,"P1","Missing dedicated page"
"pictură pe față Tunari","pictură pe față","Tunari",false,"","none","missing",false,"","Commercial Investigation",false,true,"P1","Missing dedicated page"
"pictură pe față Corbeanca","pictură pe față","Corbeanca",false,"","none","missing",false,"","Commercial Investigation",false,true,"P1","Missing dedicated page"
"modelaj baloane București","modelaj baloane","București",false,"","none","missing",false,"","Commercial Investigation",false,true,"P1","Missing dedicated page"
"modelaj baloane Sector 1","modelaj baloane","Sector 1",false,"","none","missing",false,"","Commercial Investigation",false,true,"P1","Missing dedicated page"
"modelaj baloane Sector 2","modelaj baloane","Sector 2",false,"","none","missing",false,"","Commercial Investigation",false,true,"P1","Missing dedicated page"
"modelaj baloane Sector 3","modelaj baloane","Sector 3",false,"","none","missing",false,"","Commercial Investigation",false,true,"P1","Missing dedicated page"
"modelaj baloane Sector 4","modelaj baloane","Sector 4",false,"","none","missing",false,"","Commercial Investigation",false,true,"P1","Missing dedicated page"
"modelaj baloane Sector 5","modelaj baloane","Sector 5",false,"","none","missing",false,"","Commercial Investigation",false,true,"P1","Missing dedicated page"
"modelaj baloane Sector 6","modelaj baloane","Sector 6",false,"","none","missing",false,"","Commercial Investigation",false,true,"P1","Missing dedicated page"
"modelaj baloane Ilfov","modelaj baloane","Ilfov",true,"https://www.kassia.ro/modelaj-baloane-copii-bucuresti","partial","strong",false,"","Commercial Investigation",false,false,"P2","Needs improvement"
"modelaj baloane Popești-Leordeni","modelaj baloane","Popești-Leordeni",false,"","none","missing",false,"","Commercial Investigation",false,true,"P1","Missing dedicated page"
"modelaj baloane Voluntari","modelaj baloane","Voluntari",false,"","none","missing",false,"","Commercial Investigation",false,true,"P1","Missing dedicated page"
"modelaj baloane Pipera","modelaj baloane","Pipera",false,"","none","missing",false,"","Commercial Investigation",false,true,"P1","Missing dedicated page"
"modelaj baloane Otopeni","modelaj baloane","Otopeni",false,"","none","missing",false,"","Commercial Investigation",false,true,"P1","Missing dedicated page"
"modelaj baloane Chiajna","modelaj baloane","Chiajna",false,"","none","missing",false,"","Commercial Investigation",false,true,"P1","Missing dedicated page"
"modelaj baloane Bragadiru","modelaj baloane","Bragadiru",false,"","none","missing",false,"","Commercial Investigation",false,true,"P1","Missing dedicated page"
"modelaj baloane Măgurele","modelaj baloane","Măgurele",false,"","none","missing",false,"","Commercial Investigation",false,true,"P1","Missing dedicated page"
"modelaj baloane Pantelimon","modelaj baloane","Pantelimon",false,"","none","missing",false,"","Commercial Investigation",false,true,"P1","Missing dedicated page"
"modelaj baloane Berceni","modelaj baloane","Berceni",false,"","none","missing",false,"","Commercial Investigation",false,true,"P1","Missing dedicated page"
"modelaj baloane Domnești","modelaj baloane","Domnești",false,"","none","missing",false,"","Commercial Investigation",false,true,"P1","Missing dedicated page"
"modelaj baloane Tunari","modelaj baloane","Tunari",false,"","none","missing",false,"","Commercial Investigation",false,true,"P1","Missing dedicated page"
"modelaj baloane Corbeanca","modelaj baloane","Corbeanca",false,"","none","missing",false,"","Commercial Investigation",false,true,"P1","Missing dedicated page"
"mini-disco București","mini-disco","București",false,"","none","missing",false,"","Commercial Investigation",false,true,"P1","Missing dedicated page"
"mini-disco Sector 1","mini-disco","Sector 1",false,"","none","missing",false,"","Commercial Investigation",false,true,"P1","Missing dedicated page"
"mini-disco Sector 2","mini-disco","Sector 2",false,"","none","missing",false,"","Commercial Investigation",false,true,"P1","Missing dedicated page"
"mini-disco Sector 3","mini-disco","Sector 3",false,"","none","missing",false,"","Commercial Investigation",false,true,"P1","Missing dedicated page"
"mini-disco Sector 4","mini-disco","Sector 4",false,"","none","missing",false,"","Commercial Investigation",false,true,"P1","Missing dedicated page"
"mini-disco Sector 5","mini-disco","Sector 5",false,"","none","missing",false,"","Commercial Investigation",false,true,"P1","Missing dedicated page"
"mini-disco Sector 6","mini-disco","Sector 6",false,"","none","missing",false,"","Commercial Investigation",false,true,"P1","Missing dedicated page"
"mini-disco Ilfov","mini-disco","Ilfov",false,"","none","missing",false,"","Commercial Investigation",false,true,"P1","Missing dedicated page"
"mini-disco Popești-Leordeni","mini-disco","Popești-Leordeni",false,"","none","missing",false,"","Commercial Investigation",false,true,"P1","Missing dedicated page"
"mini-disco Voluntari","mini-disco","Voluntari",false,"","none","missing",false,"","Commercial Investigation",false,true,"P1","Missing dedicated page"
"mini-disco Pipera","mini-disco","Pipera",false,"","none","missing",false,"","Commercial Investigation",false,true,"P1","Missing dedicated page"
"mini-disco Otopeni","mini-disco","Otopeni",false,"","none","missing",false,"","Commercial Investigation",false,true,"P1","Missing dedicated page"
"mini-disco Chiajna","mini-disco","Chiajna",false,"","none","missing",false,"","Commercial Investigation",false,true,"P1","Missing dedicated page"
"mini-disco Bragadiru","mini-disco","Bragadiru",false,"","none","missing",false,"","Commercial Investigation",false,true,"P1","Missing dedicated page"
"mini-disco Măgurele","mini-disco","Măgurele",false,"","none","missing",false,"","Commercial Investigation",false,true,"P1","Missing dedicated page"
"mini-disco Pantelimon","mini-disco","Pantelimon",false,"","none","missing",false,"","Commercial Investigation",false,true,"P1","Missing dedicated page"
"mini-disco Berceni","mini-disco","Berceni",false,"","none","missing",false,"","Commercial Investigation",false,true,"P1","Missing dedicated page"
"mini-disco Domnești","mini-disco","Domnești",false,"","none","missing",false,"","Commercial Investigation",false,true,"P1","Missing dedicated page"
"mini-disco Tunari","mini-disco","Tunari",false,"","none","missing",false,"","Commercial Investigation",false,true,"P1","Missing dedicated page"
"mini-disco Corbeanca","mini-disco","Corbeanca",false,"","none","missing",false,"","Commercial Investigation",false,true,"P1","Missing dedicated page"
"jocuri interactive copii București","jocuri interactive copii","București",false,"","none","missing",false,"","Commercial Investigation",false,true,"P1","Missing dedicated page"
"jocuri interactive copii Sector 1","jocuri interactive copii","Sector 1",false,"","none","missing",false,"","Commercial Investigation",false,true,"P1","Missing dedicated page"
"jocuri interactive copii Sector 2","jocuri interactive copii","Sector 2",false,"","none","missing",false,"","Commercial Investigation",false,true,"P1","Missing dedicated page"
"jocuri interactive copii Sector 3","jocuri interactive copii","Sector 3",false,"","none","missing",false,"","Commercial Investigation",false,true,"P1","Missing dedicated page"
"jocuri interactive copii Sector 4","jocuri interactive copii","Sector 4",false,"","none","missing",false,"","Commercial Investigation",false,true,"P1","Missing dedicated page"
"jocuri interactive copii Sector 5","jocuri interactive copii","Sector 5",false,"","none","missing",false,"","Commercial Investigation",false,true,"P1","Missing dedicated page"
"jocuri interactive copii Sector 6","jocuri interactive copii","Sector 6",false,"","none","missing",false,"","Commercial Investigation",false,true,"P1","Missing dedicated page"
"jocuri interactive copii Ilfov","jocuri interactive copii","Ilfov",true,"https://www.kassia.ro/jocuri-interactive-copii-bucuresti","partial","strong",false,"","Commercial Investigation",false,false,"P2","Needs improvement"
"jocuri interactive copii Popești-Leordeni","jocuri interactive copii","Popești-Leordeni",false,"","none","missing",false,"","Commercial Investigation",false,true,"P1","Missing dedicated page"
"jocuri interactive copii Voluntari","jocuri interactive copii","Voluntari",false,"","none","missing",false,"","Commercial Investigation",false,true,"P1","Missing dedicated page"
"jocuri interactive copii Pipera","jocuri interactive copii","Pipera",false,"","none","missing",false,"","Commercial Investigation",false,true,"P1","Missing dedicated page"
"jocuri interactive copii Otopeni","jocuri interactive copii","Otopeni",false,"","none","missing",false,"","Commercial Investigation",false,true,"P1","Missing dedicated page"
"jocuri interactive copii Chiajna","jocuri interactive copii","Chiajna",false,"","none","missing",false,"","Commercial Investigation",false,true,"P1","Missing dedicated page"
"jocuri interactive copii Bragadiru","jocuri interactive copii","Bragadiru",false,"","none","missing",false,"","Commercial Investigation",false,true,"P1","Missing dedicated page"
"jocuri interactive copii Măgurele","jocuri interactive copii","Măgurele",false,"","none","missing",false,"","Commercial Investigation",false,true,"P1","Missing dedicated page"
"jocuri interactive copii Pantelimon","jocuri interactive copii","Pantelimon",false,"","none","missing",false,"","Commercial Investigation",false,true,"P1","Missing dedicated page"
"jocuri interactive copii Berceni","jocuri interactive copii","Berceni",false,"","none","missing",false,"","Commercial Investigation",false,true,"P1","Missing dedicated page"
"jocuri interactive copii Domnești","jocuri interactive copii","Domnești",false,"","none","missing",false,"","Commercial Investigation",false,true,"P1","Missing dedicated page"
"jocuri interactive copii Tunari","jocuri interactive copii","Tunari",false,"","none","missing",false,"","Commercial Investigation",false,true,"P1","Missing dedicated page"
"jocuri interactive copii Corbeanca","jocuri interactive copii","Corbeanca",false,"","none","missing",false,"","Commercial Investigation",false,true,"P1","Missing dedicated page"
"animatori botez București","animatori botez","București",false,"","none","missing",false,"","Commercial Investigation",false,true,"P1","Missing dedicated page"
"animatori botez Sector 1","animatori botez","Sector 1",true,"https://www.kassia.ro/animatori-petreceri-copii-sector-1","partial","strong",false,"","Commercial Investigation",false,false,"P2","Needs improvement"
"animatori botez Sector 2","animatori botez","Sector 2",true,"https://www.kassia.ro/animatori-petreceri-copii-sector-2","partial","strong",false,"","Commercial Investigation",false,false,"P2","Needs improvement"
"animatori botez Sector 3","animatori botez","Sector 3",true,"https://www.kassia.ro/animatori-petreceri-copii-sector-3","partial","strong",false,"","Commercial Investigation",false,false,"P2","Needs improvement"
"animatori botez Sector 4","animatori botez","Sector 4",true,"https://www.kassia.ro/animatori-petreceri-copii-sector-4","partial","strong",false,"","Commercial Investigation",false,false,"P2","Needs improvement"
"animatori botez Sector 5","animatori botez","Sector 5",true,"https://www.kassia.ro/animatori-petreceri-copii-sector-5","partial","strong",false,"","Commercial Investigation",false,false,"P2","Needs improvement"
"animatori botez Sector 6","animatori botez","Sector 6",true,"https://www.kassia.ro/animatori-petreceri-copii-sector-6","partial","strong",false,"","Commercial Investigation",false,false,"P2","Needs improvement"
"animatori botez Ilfov","animatori botez","Ilfov",true,"https://www.kassia.ro/animatori-petreceri-copii","partial","strong",false,"","Commercial Investigation",false,false,"P2","Needs improvement"
"animatori botez Popești-Leordeni","animatori botez","Popești-Leordeni",false,"","none","missing",false,"","Commercial Investigation",false,true,"P1","Missing dedicated page"
"animatori botez Voluntari","animatori botez","Voluntari",true,"https://www.kassia.ro/animatori-petreceri-copii-voluntari","partial","strong",false,"","Commercial Investigation",false,false,"P2","Needs improvement"
"animatori botez Pipera","animatori botez","Pipera",true,"https://www.kassia.ro/animatori-petreceri-copii-voluntari","partial","strong",false,"","Commercial Investigation",false,false,"P2","Needs improvement"
"animatori botez Otopeni","animatori botez","Otopeni",false,"","none","missing",false,"","Commercial Investigation",false,true,"P1","Missing dedicated page"
"animatori botez Chiajna","animatori botez","Chiajna",false,"","none","missing",false,"","Commercial Investigation",false,true,"P1","Missing dedicated page"
"animatori botez Bragadiru","animatori botez","Bragadiru",false,"","none","missing",false,"","Commercial Investigation",false,true,"P1","Missing dedicated page"
"animatori botez Măgurele","animatori botez","Măgurele",false,"","none","missing",false,"","Commercial Investigation",false,true,"P1","Missing dedicated page"
"animatori botez Pantelimon","animatori botez","Pantelimon",false,"","none","missing",false,"","Commercial Investigation",false,true,"P1","Missing dedicated page"
"animatori botez Berceni","animatori botez","Berceni",true,"https://www.kassia.ro/animatori-petreceri-copii-berceni","partial","strong",false,"","Commercial Investigation",false,false,"P2","Needs improvement"
"animatori botez Domnești","animatori botez","Domnești",false,"","none","missing",false,"","Commercial Investigation",false,true,"P1","Missing dedicated page"
"animatori botez Tunari","animatori botez","Tunari",false,"","none","missing",false,"","Commercial Investigation",false,true,"P1","Missing dedicated page"
"animatori botez Corbeanca","animatori botez","Corbeanca",false,"","none","missing",false,"","Commercial Investigation",false,true,"P1","Missing dedicated page"
"animatori moț și turtă București","animatori moț și turtă","București",false,"","none","missing",false,"","Commercial Investigation",false,true,"P1","Missing dedicated page"
"animatori moț și turtă Sector 1","animatori moț și turtă","Sector 1",true,"https://www.kassia.ro/animatori-petreceri-copii-sector-1","partial","strong",false,"","Commercial Investigation",false,false,"P2","Needs improvement"
"animatori moț și turtă Sector 2","animatori moț și turtă","Sector 2",true,"https://www.kassia.ro/animatori-petreceri-copii-sector-2","partial","strong",false,"","Commercial Investigation",false,false,"P2","Needs improvement"
"animatori moț și turtă Sector 3","animatori moț și turtă","Sector 3",true,"https://www.kassia.ro/animatori-petreceri-copii-sector-3","partial","strong",false,"","Commercial Investigation",false,false,"P2","Needs improvement"
"animatori moț și turtă Sector 4","animatori moț și turtă","Sector 4",true,"https://www.kassia.ro/animatori-petreceri-copii-sector-4","partial","strong",false,"","Commercial Investigation",false,false,"P2","Needs improvement"
"animatori moț și turtă Sector 5","animatori moț și turtă","Sector 5",true,"https://www.kassia.ro/animatori-petreceri-copii-sector-5","partial","strong",false,"","Commercial Investigation",false,false,"P2","Needs improvement"
"animatori moț și turtă Sector 6","animatori moț și turtă","Sector 6",true,"https://www.kassia.ro/animatori-petreceri-copii-sector-6","partial","strong",false,"","Commercial Investigation",false,false,"P2","Needs improvement"
"animatori moț și turtă Ilfov","animatori moț și turtă","Ilfov",true,"https://www.kassia.ro/animatori-petreceri-copii","partial","strong",false,"","Commercial Investigation",false,false,"P2","Needs improvement"
"animatori moț și turtă Popești-Leordeni","animatori moț și turtă","Popești-Leordeni",false,"","none","missing",false,"","Commercial Investigation",false,true,"P1","Missing dedicated page"
"animatori moț și turtă Voluntari","animatori moț și turtă","Voluntari",true,"https://www.kassia.ro/animatori-petreceri-copii-voluntari","partial","strong",false,"","Commercial Investigation",false,false,"P2","Needs improvement"
"animatori moț și turtă Pipera","animatori moț și turtă","Pipera",true,"https://www.kassia.ro/animatori-petreceri-copii-voluntari","partial","strong",false,"","Commercial Investigation",false,false,"P2","Needs improvement"
"animatori moț și turtă Otopeni","animatori moț și turtă","Otopeni",false,"","none","missing",false,"","Commercial Investigation",false,true,"P1","Missing dedicated page"
"animatori moț și turtă Chiajna","animatori moț și turtă","Chiajna",false,"","none","missing",false,"","Commercial Investigation",false,true,"P1","Missing dedicated page"
"animatori moț și turtă Bragadiru","animatori moț și turtă","Bragadiru",false,"","none","missing",false,"","Commercial Investigation",false,true,"P1","Missing dedicated page"
"animatori moț și turtă Măgurele","animatori moț și turtă","Măgurele",false,"","none","missing",false,"","Commercial Investigation",false,true,"P1","Missing dedicated page"
"animatori moț și turtă Pantelimon","animatori moț și turtă","Pantelimon",false,"","none","missing",false,"","Commercial Investigation",false,true,"P1","Missing dedicated page"
"animatori moț și turtă Berceni","animatori moț și turtă","Berceni",true,"https://www.kassia.ro/animatori-petreceri-copii-berceni","partial","strong",false,"","Commercial Investigation",false,false,"P2","Needs improvement"
"animatori moț și turtă Domnești","animatori moț și turtă","Domnești",false,"","none","missing",false,"","Commercial Investigation",false,true,"P1","Missing dedicated page"
"animatori moț și turtă Tunari","animatori moț și turtă","Tunari",false,"","none","missing",false,"","Commercial Investigation",false,true,"P1","Missing dedicated page"
"animatori moț și turtă Corbeanca","animatori moț și turtă","Corbeanca",false,"","none","missing",false,"","Commercial Investigation",false,true,"P1","Missing dedicated page"
"ursitoare botez București","ursitoare botez","București",false,"","none","missing",false,"","Commercial Investigation",false,true,"P1","Missing dedicated page"
"ursitoare botez Sector 1","ursitoare botez","Sector 1",false,"","none","missing",false,"","Commercial Investigation",false,true,"P1","Missing dedicated page"
"ursitoare botez Sector 2","ursitoare botez","Sector 2",false,"","none","missing",false,"","Commercial Investigation",false,true,"P1","Missing dedicated page"
"ursitoare botez Sector 3","ursitoare botez","Sector 3",false,"","none","missing",false,"","Commercial Investigation",false,true,"P1","Missing dedicated page"
"ursitoare botez Sector 4","ursitoare botez","Sector 4",false,"","none","missing",false,"","Commercial Investigation",false,true,"P1","Missing dedicated page"
"ursitoare botez Sector 5","ursitoare botez","Sector 5",false,"","none","missing",false,"","Commercial Investigation",false,true,"P1","Missing dedicated page"
"ursitoare botez Sector 6","ursitoare botez","Sector 6",false,"","none","missing",false,"","Commercial Investigation",false,true,"P1","Missing dedicated page"
"ursitoare botez Ilfov","ursitoare botez","Ilfov",false,"","none","missing",false,"","Commercial Investigation",false,true,"P1","Missing dedicated page"
"ursitoare botez Popești-Leordeni","ursitoare botez","Popești-Leordeni",false,"","none","missing",false,"","Commercial Investigation",false,true,"P1","Missing dedicated page"
"ursitoare botez Voluntari","ursitoare botez","Voluntari",false,"","none","missing",false,"","Commercial Investigation",false,true,"P1","Missing dedicated page"
"ursitoare botez Pipera","ursitoare botez","Pipera",false,"","none","missing",false,"","Commercial Investigation",false,true,"P1","Missing dedicated page"
"ursitoare botez Otopeni","ursitoare botez","Otopeni",false,"","none","missing",false,"","Commercial Investigation",false,true,"P1","Missing dedicated page"
"ursitoare botez Chiajna","ursitoare botez","Chiajna",false,"","none","missing",false,"","Commercial Investigation",false,true,"P1","Missing dedicated page"
"ursitoare botez Bragadiru","ursitoare botez","Bragadiru",false,"","none","missing",false,"","Commercial Investigation",false,true,"P1","Missing dedicated page"
"ursitoare botez Măgurele","ursitoare botez","Măgurele",false,"","none","missing",false,"","Commercial Investigation",false,true,"P1","Missing dedicated page"
"ursitoare botez Pantelimon","ursitoare botez","Pantelimon",false,"","none","missing",false,"","Commercial Investigation",false,true,"P1","Missing dedicated page"
"ursitoare botez Berceni","ursitoare botez","Berceni",false,"","none","missing",false,"","Commercial Investigation",false,true,"P1","Missing dedicated page"
"ursitoare botez Domnești","ursitoare botez","Domnești",false,"","none","missing",false,"","Commercial Investigation",false,true,"P1","Missing dedicated page"
"ursitoare botez Tunari","ursitoare botez","Tunari",false,"","none","missing",false,"","Commercial Investigation",false,true,"P1","Missing dedicated page"
"ursitoare botez Corbeanca","ursitoare botez","Corbeanca",false,"","none","missing",false,"","Commercial Investigation",false,true,"P1","Missing dedicated page"
"animatori grădiniță București","animatori grădiniță","București",false,"","none","missing",false,"","Commercial Investigation",false,true,"P1","Missing dedicated page"
"animatori grădiniță Sector 1","animatori grădiniță","Sector 1",true,"https://www.kassia.ro/animatori-petreceri-copii-sector-1","partial","strong",false,"","Commercial Investigation",false,false,"P2","Needs improvement"
"animatori grădiniță Sector 2","animatori grădiniță","Sector 2",true,"https://www.kassia.ro/animatori-petreceri-copii-sector-2","partial","strong",false,"","Commercial Investigation",false,false,"P2","Needs improvement"
"animatori grădiniță Sector 3","animatori grădiniță","Sector 3",true,"https://www.kassia.ro/animatori-petreceri-copii-sector-3","partial","strong",false,"","Commercial Investigation",false,false,"P2","Needs improvement"
"animatori grădiniță Sector 4","animatori grădiniță","Sector 4",true,"https://www.kassia.ro/animatori-petreceri-copii-sector-4","partial","strong",false,"","Commercial Investigation",false,false,"P2","Needs improvement"
"animatori grădiniță Sector 5","animatori grădiniță","Sector 5",true,"https://www.kassia.ro/animatori-petreceri-copii-sector-5","partial","strong",false,"","Commercial Investigation",false,false,"P2","Needs improvement"
"animatori grădiniță Sector 6","animatori grădiniță","Sector 6",true,"https://www.kassia.ro/animatori-petreceri-copii-sector-6","partial","strong",false,"","Commercial Investigation",false,false,"P2","Needs improvement"
"animatori grădiniță Ilfov","animatori grădiniță","Ilfov",true,"https://www.kassia.ro/animatori-petreceri-copii","partial","strong",false,"","Commercial Investigation",false,false,"P2","Needs improvement"
"animatori grădiniță Popești-Leordeni","animatori grădiniță","Popești-Leordeni",false,"","none","missing",false,"","Commercial Investigation",false,true,"P1","Missing dedicated page"
"animatori grădiniță Voluntari","animatori grădiniță","Voluntari",true,"https://www.kassia.ro/animatori-petreceri-copii-voluntari","partial","strong",false,"","Commercial Investigation",false,false,"P2","Needs improvement"
"animatori grădiniță Pipera","animatori grădiniță","Pipera",true,"https://www.kassia.ro/animatori-petreceri-copii-voluntari","partial","strong",false,"","Commercial Investigation",false,false,"P2","Needs improvement"
"animatori grădiniță Otopeni","animatori grădiniță","Otopeni",false,"","none","missing",false,"","Commercial Investigation",false,true,"P1","Missing dedicated page"
"animatori grădiniță Chiajna","animatori grădiniță","Chiajna",false,"","none","missing",false,"","Commercial Investigation",false,true,"P1","Missing dedicated page"
"animatori grădiniță Bragadiru","animatori grădiniță","Bragadiru",false,"","none","missing",false,"","Commercial Investigation",false,true,"P1","Missing dedicated page"
"animatori grădiniță Măgurele","animatori grădiniță","Măgurele",false,"","none","missing",false,"","Commercial Investigation",false,true,"P1","Missing dedicated page"
"animatori grădiniță Pantelimon","animatori grădiniță","Pantelimon",false,"","none","missing",false,"","Commercial Investigation",false,true,"P1","Missing dedicated page"
"animatori grădiniță Berceni","animatori grădiniță","Berceni",true,"https://www.kassia.ro/animatori-petreceri-copii-berceni","partial","strong",false,"","Commercial Investigation",false,false,"P2","Needs improvement"
"animatori grădiniță Domnești","animatori grădiniță","Domnești",false,"","none","missing",false,"","Commercial Investigation",false,true,"P1","Missing dedicated page"
"animatori grădiniță Tunari","animatori grădiniță","Tunari",false,"","none","missing",false,"","Commercial Investigation",false,true,"P1","Missing dedicated page"
"animatori grădiniță Corbeanca","animatori grădiniță","Corbeanca",false,"","none","missing",false,"","Commercial Investigation",false,true,"P1","Missing dedicated page"
"animatori școală București","animatori școală","București",false,"","none","missing",false,"","Commercial Investigation",false,true,"P1","Missing dedicated page"
"animatori școală Sector 1","animatori școală","Sector 1",true,"https://www.kassia.ro/animatori-petreceri-copii-sector-1","partial","strong",false,"","Commercial Investigation",false,false,"P2","Needs improvement"
"animatori școală Sector 2","animatori școală","Sector 2",true,"https://www.kassia.ro/animatori-petreceri-copii-sector-2","partial","strong",false,"","Commercial Investigation",false,false,"P2","Needs improvement"
"animatori școală Sector 3","animatori școală","Sector 3",true,"https://www.kassia.ro/animatori-petreceri-copii-sector-3","partial","strong",false,"","Commercial Investigation",false,false,"P2","Needs improvement"
"animatori școală Sector 4","animatori școală","Sector 4",true,"https://www.kassia.ro/animatori-petreceri-copii-sector-4","partial","strong",false,"","Commercial Investigation",false,false,"P2","Needs improvement"
"animatori școală Sector 5","animatori școală","Sector 5",true,"https://www.kassia.ro/animatori-petreceri-copii-sector-5","partial","strong",false,"","Commercial Investigation",false,false,"P2","Needs improvement"
"animatori școală Sector 6","animatori școală","Sector 6",true,"https://www.kassia.ro/animatori-petreceri-copii-sector-6","partial","strong",false,"","Commercial Investigation",false,false,"P2","Needs improvement"
"animatori școală Ilfov","animatori școală","Ilfov",true,"https://www.kassia.ro/animatori-petreceri-copii","partial","strong",false,"","Commercial Investigation",false,false,"P2","Needs improvement"
"animatori școală Popești-Leordeni","animatori școală","Popești-Leordeni",false,"","none","missing",false,"","Commercial Investigation",false,true,"P1","Missing dedicated page"
"animatori școală Voluntari","animatori școală","Voluntari",true,"https://www.kassia.ro/animatori-petreceri-copii-voluntari","partial","strong",false,"","Commercial Investigation",false,false,"P2","Needs improvement"
"animatori școală Pipera","animatori școală","Pipera",true,"https://www.kassia.ro/animatori-petreceri-copii-voluntari","partial","strong",false,"","Commercial Investigation",false,false,"P2","Needs improvement"
"animatori școală Otopeni","animatori școală","Otopeni",false,"","none","missing",false,"","Commercial Investigation",false,true,"P1","Missing dedicated page"
"animatori școală Chiajna","animatori școală","Chiajna",false,"","none","missing",false,"","Commercial Investigation",false,true,"P1","Missing dedicated page"
"animatori școală Bragadiru","animatori școală","Bragadiru",false,"","none","missing",false,"","Commercial Investigation",false,true,"P1","Missing dedicated page"
"animatori școală Măgurele","animatori școală","Măgurele",false,"","none","missing",false,"","Commercial Investigation",false,true,"P1","Missing dedicated page"
"animatori școală Pantelimon","animatori școală","Pantelimon",false,"","none","missing",false,"","Commercial Investigation",false,true,"P1","Missing dedicated page"
"animatori școală Berceni","animatori școală","Berceni",true,"https://www.kassia.ro/animatori-petreceri-copii-berceni","partial","strong",false,"","Commercial Investigation",false,false,"P2","Needs improvement"
"animatori școală Domnești","animatori școală","Domnești",false,"","none","missing",false,"","Commercial Investigation",false,true,"P1","Missing dedicated page"
"animatori școală Tunari","animatori școală","Tunari",false,"","none","missing",false,"","Commercial Investigation",false,true,"P1","Missing dedicated page"
"animatori școală Corbeanca","animatori școală","Corbeanca",false,"","none","missing",false,"","Commercial Investigation",false,true,"P1","Missing dedicated page"
"animatori copii la restaurant București","animatori copii la restaurant","București",false,"","none","missing",false,"","Commercial Investigation",false,true,"P1","Missing dedicated page"
"animatori copii la restaurant Sector 1","animatori copii la restaurant","Sector 1",true,"https://www.kassia.ro/animatori-petreceri-copii-sector-1","partial","strong",false,"","Commercial Investigation",false,false,"P2","Needs improvement"
"animatori copii la restaurant Sector 2","animatori copii la restaurant","Sector 2",true,"https://www.kassia.ro/animatori-petreceri-copii-sector-2","partial","strong",false,"","Commercial Investigation",false,false,"P2","Needs improvement"
"animatori copii la restaurant Sector 3","animatori copii la restaurant","Sector 3",true,"https://www.kassia.ro/animatori-petreceri-copii-sector-3","partial","strong",false,"","Commercial Investigation",false,false,"P2","Needs improvement"
"animatori copii la restaurant Sector 4","animatori copii la restaurant","Sector 4",true,"https://www.kassia.ro/animatori-petreceri-copii-sector-4","partial","strong",false,"","Commercial Investigation",false,false,"P2","Needs improvement"
"animatori copii la restaurant Sector 5","animatori copii la restaurant","Sector 5",true,"https://www.kassia.ro/animatori-petreceri-copii-sector-5","partial","strong",false,"","Commercial Investigation",false,false,"P2","Needs improvement"
"animatori copii la restaurant Sector 6","animatori copii la restaurant","Sector 6",true,"https://www.kassia.ro/animatori-petreceri-copii-sector-6","partial","strong",false,"","Commercial Investigation",false,false,"P2","Needs improvement"
"animatori copii la restaurant Ilfov","animatori copii la restaurant","Ilfov",true,"https://www.kassia.ro/animatori-petreceri-copii","partial","strong",false,"","Commercial Investigation",false,false,"P2","Needs improvement"
"animatori copii la restaurant Popești-Leordeni","animatori copii la restaurant","Popești-Leordeni",false,"","none","missing",false,"","Commercial Investigation",false,true,"P1","Missing dedicated page"
"animatori copii la restaurant Voluntari","animatori copii la restaurant","Voluntari",true,"https://www.kassia.ro/animatori-petreceri-copii-voluntari","partial","strong",false,"","Commercial Investigation",false,false,"P2","Needs improvement"
"animatori copii la restaurant Pipera","animatori copii la restaurant","Pipera",true,"https://www.kassia.ro/animatori-petreceri-copii-voluntari","partial","strong",false,"","Commercial Investigation",false,false,"P2","Needs improvement"
"animatori copii la restaurant Otopeni","animatori copii la restaurant","Otopeni",false,"","none","missing",false,"","Commercial Investigation",false,true,"P1","Missing dedicated page"
"animatori copii la restaurant Chiajna","animatori copii la restaurant","Chiajna",false,"","none","missing",false,"","Commercial Investigation",false,true,"P1","Missing dedicated page"
"animatori copii la restaurant Bragadiru","animatori copii la restaurant","Bragadiru",false,"","none","missing",false,"","Commercial Investigation",false,true,"P1","Missing dedicated page"
"animatori copii la restaurant Măgurele","animatori copii la restaurant","Măgurele",false,"","none","missing",false,"","Commercial Investigation",false,true,"P1","Missing dedicated page"
"animatori copii la restaurant Pantelimon","animatori copii la restaurant","Pantelimon",false,"","none","missing",false,"","Commercial Investigation",false,true,"P1","Missing dedicated page"
"animatori copii la restaurant Berceni","animatori copii la restaurant","Berceni",true,"https://www.kassia.ro/animatori-petreceri-copii-berceni","partial","strong",false,"","Commercial Investigation",false,false,"P2","Needs improvement"
"animatori copii la restaurant Domnești","animatori copii la restaurant","Domnești",false,"","none","missing",false,"","Commercial Investigation",false,true,"P1","Missing dedicated page"
"animatori copii la restaurant Tunari","animatori copii la restaurant","Tunari",false,"","none","missing",false,"","Commercial Investigation",false,true,"P1","Missing dedicated page"
"animatori copii la restaurant Corbeanca","animatori copii la restaurant","Corbeanca",false,"","none","missing",false,"","Commercial Investigation",false,true,"P1","Missing dedicated page"
"evenimente corporate copii București","evenimente corporate copii","București",false,"","none","missing",false,"","Commercial Investigation",false,true,"P1","Missing dedicated page"
"evenimente corporate copii Sector 1","evenimente corporate copii","Sector 1",false,"","none","missing",false,"","Commercial Investigation",false,true,"P1","Missing dedicated page"
"evenimente corporate copii Sector 2","evenimente corporate copii","Sector 2",false,"","none","missing",false,"","Commercial Investigation",false,true,"P1","Missing dedicated page"
"evenimente corporate copii Sector 3","evenimente corporate copii","Sector 3",false,"","none","missing",false,"","Commercial Investigation",false,true,"P1","Missing dedicated page"
"evenimente corporate copii Sector 4","evenimente corporate copii","Sector 4",false,"","none","missing",false,"","Commercial Investigation",false,true,"P1","Missing dedicated page"
"evenimente corporate copii Sector 5","evenimente corporate copii","Sector 5",false,"","none","missing",false,"","Commercial Investigation",false,true,"P1","Missing dedicated page"
"evenimente corporate copii Sector 6","evenimente corporate copii","Sector 6",false,"","none","missing",false,"","Commercial Investigation",false,true,"P1","Missing dedicated page"
"evenimente corporate copii Ilfov","evenimente corporate copii","Ilfov",false,"","none","missing",false,"","Commercial Investigation",false,true,"P1","Missing dedicated page"
"evenimente corporate copii Popești-Leordeni","evenimente corporate copii","Popești-Leordeni",false,"","none","missing",false,"","Commercial Investigation",false,true,"P1","Missing dedicated page"
"evenimente corporate copii Voluntari","evenimente corporate copii","Voluntari",false,"","none","missing",false,"","Commercial Investigation",false,true,"P1","Missing dedicated page"
"evenimente corporate copii Pipera","evenimente corporate copii","Pipera",false,"","none","missing",false,"","Commercial Investigation",false,true,"P1","Missing dedicated page"
"evenimente corporate copii Otopeni","evenimente corporate copii","Otopeni",false,"","none","missing",false,"","Commercial Investigation",false,true,"P1","Missing dedicated page"
"evenimente corporate copii Chiajna","evenimente corporate copii","Chiajna",false,"","none","missing",false,"","Commercial Investigation",false,true,"P1","Missing dedicated page"
"evenimente corporate copii Bragadiru","evenimente corporate copii","Bragadiru",false,"","none","missing",false,"","Commercial Investigation",false,true,"P1","Missing dedicated page"
"evenimente corporate copii Măgurele","evenimente corporate copii","Măgurele",false,"","none","missing",false,"","Commercial Investigation",false,true,"P1","Missing dedicated page"
"evenimente corporate copii Pantelimon","evenimente corporate copii","Pantelimon",false,"","none","missing",false,"","Commercial Investigation",false,true,"P1","Missing dedicated page"
"evenimente corporate copii Berceni","evenimente corporate copii","Berceni",false,"","none","missing",false,"","Commercial Investigation",false,true,"P1","Missing dedicated page"
"evenimente corporate copii Domnești","evenimente corporate copii","Domnești",false,"","none","missing",false,"","Commercial Investigation",false,true,"P1","Missing dedicated page"
"evenimente corporate copii Tunari","evenimente corporate copii","Tunari",false,"","none","missing",false,"","Commercial Investigation",false,true,"P1","Missing dedicated page"
"evenimente corporate copii Corbeanca","evenimente corporate copii","Corbeanca",false,"","none","missing",false,"","Commercial Investigation",false,true,"P1","Missing dedicated page"
"Family Day București","Family Day","București",false,"","none","missing",false,"","Commercial Investigation",false,true,"P1","Missing dedicated page"
"Family Day Sector 1","Family Day","Sector 1",false,"","none","missing",false,"","Commercial Investigation",false,true,"P1","Missing dedicated page"
"Family Day Sector 2","Family Day","Sector 2",false,"","none","missing",false,"","Commercial Investigation",false,true,"P1","Missing dedicated page"
"Family Day Sector 3","Family Day","Sector 3",false,"","none","missing",false,"","Commercial Investigation",false,true,"P1","Missing dedicated page"
"Family Day Sector 4","Family Day","Sector 4",false,"","none","missing",false,"","Commercial Investigation",false,true,"P1","Missing dedicated page"
"Family Day Sector 5","Family Day","Sector 5",false,"","none","missing",false,"","Commercial Investigation",false,true,"P1","Missing dedicated page"
"Family Day Sector 6","Family Day","Sector 6",false,"","none","missing",false,"","Commercial Investigation",false,true,"P1","Missing dedicated page"
"Family Day Ilfov","Family Day","Ilfov",false,"","none","missing",false,"","Commercial Investigation",false,true,"P1","Missing dedicated page"
"Family Day Popești-Leordeni","Family Day","Popești-Leordeni",false,"","none","missing",false,"","Commercial Investigation",false,true,"P1","Missing dedicated page"
"Family Day Voluntari","Family Day","Voluntari",false,"","none","missing",false,"","Commercial Investigation",false,true,"P1","Missing dedicated page"
"Family Day Pipera","Family Day","Pipera",false,"","none","missing",false,"","Commercial Investigation",false,true,"P1","Missing dedicated page"
"Family Day Otopeni","Family Day","Otopeni",false,"","none","missing",false,"","Commercial Investigation",false,true,"P1","Missing dedicated page"
"Family Day Chiajna","Family Day","Chiajna",false,"","none","missing",false,"","Commercial Investigation",false,true,"P1","Missing dedicated page"
"Family Day Bragadiru","Family Day","Bragadiru",false,"","none","missing",false,"","Commercial Investigation",false,true,"P1","Missing dedicated page"
"Family Day Măgurele","Family Day","Măgurele",false,"","none","missing",false,"","Commercial Investigation",false,true,"P1","Missing dedicated page"
"Family Day Pantelimon","Family Day","Pantelimon",false,"","none","missing",false,"","Commercial Investigation",false,true,"P1","Missing dedicated page"
"Family Day Berceni","Family Day","Berceni",false,"","none","missing",false,"","Commercial Investigation",false,true,"P1","Missing dedicated page"
"Family Day Domnești","Family Day","Domnești",false,"","none","missing",false,"","Commercial Investigation",false,true,"P1","Missing dedicated page"
"Family Day Tunari","Family Day","Tunari",false,"","none","missing",false,"","Commercial Investigation",false,true,"P1","Missing dedicated page"
"Family Day Corbeanca","Family Day","Corbeanca",false,"","none","missing",false,"","Commercial Investigation",false,true,"P1","Missing dedicated page"
"Moș Crăciun evenimente București","Moș Crăciun evenimente","București",false,"","none","missing",false,"","Commercial Investigation",false,true,"P1","Missing dedicated page"
"Moș Crăciun evenimente Sector 1","Moș Crăciun evenimente","Sector 1",false,"","none","missing",false,"","Commercial Investigation",false,true,"P1","Missing dedicated page"
"Moș Crăciun evenimente Sector 2","Moș Crăciun evenimente","Sector 2",false,"","none","missing",false,"","Commercial Investigation",false,true,"P1","Missing dedicated page"
"Moș Crăciun evenimente Sector 3","Moș Crăciun evenimente","Sector 3",false,"","none","missing",false,"","Commercial Investigation",false,true,"P1","Missing dedicated page"
"Moș Crăciun evenimente Sector 4","Moș Crăciun evenimente","Sector 4",false,"","none","missing",false,"","Commercial Investigation",false,true,"P1","Missing dedicated page"
"Moș Crăciun evenimente Sector 5","Moș Crăciun evenimente","Sector 5",false,"","none","missing",false,"","Commercial Investigation",false,true,"P1","Missing dedicated page"
"Moș Crăciun evenimente Sector 6","Moș Crăciun evenimente","Sector 6",false,"","none","missing",false,"","Commercial Investigation",false,true,"P1","Missing dedicated page"
"Moș Crăciun evenimente Ilfov","Moș Crăciun evenimente","Ilfov",false,"","none","missing",false,"","Commercial Investigation",false,true,"P1","Missing dedicated page"
"Moș Crăciun evenimente Popești-Leordeni","Moș Crăciun evenimente","Popești-Leordeni",false,"","none","missing",false,"","Commercial Investigation",false,true,"P1","Missing dedicated page"
"Moș Crăciun evenimente Voluntari","Moș Crăciun evenimente","Voluntari",false,"","none","missing",false,"","Commercial Investigation",false,true,"P1","Missing dedicated page"
"Moș Crăciun evenimente Pipera","Moș Crăciun evenimente","Pipera",false,"","none","missing",false,"","Commercial Investigation",false,true,"P1","Missing dedicated page"
"Moș Crăciun evenimente Otopeni","Moș Crăciun evenimente","Otopeni",false,"","none","missing",false,"","Commercial Investigation",false,true,"P1","Missing dedicated page"
"Moș Crăciun evenimente Chiajna","Moș Crăciun evenimente","Chiajna",false,"","none","missing",false,"","Commercial Investigation",false,true,"P1","Missing dedicated page"
"Moș Crăciun evenimente Bragadiru","Moș Crăciun evenimente","Bragadiru",false,"","none","missing",false,"","Commercial Investigation",false,true,"P1","Missing dedicated page"
"Moș Crăciun evenimente Măgurele","Moș Crăciun evenimente","Măgurele",false,"","none","missing",false,"","Commercial Investigation",false,true,"P1","Missing dedicated page"
"Moș Crăciun evenimente Pantelimon","Moș Crăciun evenimente","Pantelimon",false,"","none","missing",false,"","Commercial Investigation",false,true,"P1","Missing dedicated page"
"Moș Crăciun evenimente Berceni","Moș Crăciun evenimente","Berceni",false,"","none","missing",false,"","Commercial Investigation",false,true,"P1","Missing dedicated page"
"Moș Crăciun evenimente Domnești","Moș Crăciun evenimente","Domnești",false,"","none","missing",false,"","Commercial Investigation",false,true,"P1","Missing dedicated page"
"Moș Crăciun evenimente Tunari","Moș Crăciun evenimente","Tunari",false,"","none","missing",false,"","Commercial Investigation",false,true,"P1","Missing dedicated page"
"Moș Crăciun evenimente Corbeanca","Moș Crăciun evenimente","Corbeanca",false,"","none","missing",false,"","Commercial Investigation",false,true,"P1","Missing dedicated page"
"Iepuraș de Paște București","Iepuraș de Paște","București",false,"","none","missing",false,"","Commercial Investigation",false,true,"P1","Missing dedicated page"
"Iepuraș de Paște Sector 1","Iepuraș de Paște","Sector 1",false,"","none","missing",false,"","Commercial Investigation",false,true,"P1","Missing dedicated page"
"Iepuraș de Paște Sector 2","Iepuraș de Paște","Sector 2",false,"","none","missing",false,"","Commercial Investigation",false,true,"P1","Missing dedicated page"
"Iepuraș de Paște Sector 3","Iepuraș de Paște","Sector 3",false,"","none","missing",false,"","Commercial Investigation",false,true,"P1","Missing dedicated page"
"Iepuraș de Paște Sector 4","Iepuraș de Paște","Sector 4",false,"","none","missing",false,"","Commercial Investigation",false,true,"P1","Missing dedicated page"
"Iepuraș de Paște Sector 5","Iepuraș de Paște","Sector 5",false,"","none","missing",false,"","Commercial Investigation",false,true,"P1","Missing dedicated page"
"Iepuraș de Paște Sector 6","Iepuraș de Paște","Sector 6",false,"","none","missing",false,"","Commercial Investigation",false,true,"P1","Missing dedicated page"
"Iepuraș de Paște Ilfov","Iepuraș de Paște","Ilfov",false,"","none","missing",false,"","Commercial Investigation",false,true,"P1","Missing dedicated page"
"Iepuraș de Paște Popești-Leordeni","Iepuraș de Paște","Popești-Leordeni",false,"","none","missing",false,"","Commercial Investigation",false,true,"P1","Missing dedicated page"
"Iepuraș de Paște Voluntari","Iepuraș de Paște","Voluntari",false,"","none","missing",false,"","Commercial Investigation",false,true,"P1","Missing dedicated page"
"Iepuraș de Paște Pipera","Iepuraș de Paște","Pipera",false,"","none","missing",false,"","Commercial Investigation",false,true,"P1","Missing dedicated page"
"Iepuraș de Paște Otopeni","Iepuraș de Paște","Otopeni",false,"","none","missing",false,"","Commercial Investigation",false,true,"P1","Missing dedicated page"
"Iepuraș de Paște Chiajna","Iepuraș de Paște","Chiajna",false,"","none","missing",false,"","Commercial Investigation",false,true,"P1","Missing dedicated page"
"Iepuraș de Paște Bragadiru","Iepuraș de Paște","Bragadiru",false,"","none","missing",false,"","Commercial Investigation",false,true,"P1","Missing dedicated page"
"Iepuraș de Paște Măgurele","Iepuraș de Paște","Măgurele",false,"","none","missing",false,"","Commercial Investigation",false,true,"P1","Missing dedicated page"
"Iepuraș de Paște Pantelimon","Iepuraș de Paște","Pantelimon",false,"","none","missing",false,"","Commercial Investigation",false,true,"P1","Missing dedicated page"
"Iepuraș de Paște Berceni","Iepuraș de Paște","Berceni",false,"","none","missing",false,"","Commercial Investigation",false,true,"P1","Missing dedicated page"
"Iepuraș de Paște Domnești","Iepuraș de Paște","Domnești",false,"","none","missing",false,"","Commercial Investigation",false,true,"P1","Missing dedicated page"
"Iepuraș de Paște Tunari","Iepuraș de Paște","Tunari",false,"","none","missing",false,"","Commercial Investigation",false,true,"P1","Missing dedicated page"
"Iepuraș de Paște Corbeanca","Iepuraș de Paște","Corbeanca",false,"","none","missing",false,"","Commercial Investigation",false,true,"P1","Missing dedicated page"
"decoruri baloane București","decoruri baloane","București",false,"","none","missing",false,"","Commercial Investigation",false,true,"P1","Missing dedicated page"
"decoruri baloane Sector 1","decoruri baloane","Sector 1",false,"","none","missing",false,"","Commercial Investigation",false,true,"P1","Missing dedicated page"
"decoruri baloane Sector 2","decoruri baloane","Sector 2",false,"","none","missing",false,"","Commercial Investigation",false,true,"P1","Missing dedicated page"
"decoruri baloane Sector 3","decoruri baloane","Sector 3",false,"","none","missing",false,"","Commercial Investigation",false,true,"P1","Missing dedicated page"
"decoruri baloane Sector 4","decoruri baloane","Sector 4",false,"","none","missing",false,"","Commercial Investigation",false,true,"P1","Missing dedicated page"
"decoruri baloane Sector 5","decoruri baloane","Sector 5",false,"","none","missing",false,"","Commercial Investigation",false,true,"P1","Missing dedicated page"
"decoruri baloane Sector 6","decoruri baloane","Sector 6",false,"","none","missing",false,"","Commercial Investigation",false,true,"P1","Missing dedicated page"
"decoruri baloane Ilfov","decoruri baloane","Ilfov",false,"","none","missing",false,"","Commercial Investigation",false,true,"P1","Missing dedicated page"
"decoruri baloane Popești-Leordeni","decoruri baloane","Popești-Leordeni",false,"","none","missing",false,"","Commercial Investigation",false,true,"P1","Missing dedicated page"
"decoruri baloane Voluntari","decoruri baloane","Voluntari",false,"","none","missing",false,"","Commercial Investigation",false,true,"P1","Missing dedicated page"
"decoruri baloane Pipera","decoruri baloane","Pipera",false,"","none","missing",false,"","Commercial Investigation",false,true,"P1","Missing dedicated page"
"decoruri baloane Otopeni","decoruri baloane","Otopeni",false,"","none","missing",false,"","Commercial Investigation",false,true,"P1","Missing dedicated page"
"decoruri baloane Chiajna","decoruri baloane","Chiajna",false,"","none","missing",false,"","Commercial Investigation",false,true,"P1","Missing dedicated page"
"decoruri baloane Bragadiru","decoruri baloane","Bragadiru",false,"","none","missing",false,"","Commercial Investigation",false,true,"P1","Missing dedicated page"
"decoruri baloane Măgurele","decoruri baloane","Măgurele",false,"","none","missing",false,"","Commercial Investigation",false,true,"P1","Missing dedicated page"
"decoruri baloane Pantelimon","decoruri baloane","Pantelimon",false,"","none","missing",false,"","Commercial Investigation",false,true,"P1","Missing dedicated page"
"decoruri baloane Berceni","decoruri baloane","Berceni",false,"","none","missing",false,"","Commercial Investigation",false,true,"P1","Missing dedicated page"
"decoruri baloane Domnești","decoruri baloane","Domnești",false,"","none","missing",false,"","Commercial Investigation",false,true,"P1","Missing dedicated page"
"decoruri baloane Tunari","decoruri baloane","Tunari",false,"","none","missing",false,"","Commercial Investigation",false,true,"P1","Missing dedicated page"
"decoruri baloane Corbeanca","decoruri baloane","Corbeanca",false,"","none","missing",false,"","Commercial Investigation",false,true,"P1","Missing dedicated page"
"arcade baloane București","arcade baloane","București",false,"","none","missing",false,"","Commercial Investigation",false,true,"P1","Missing dedicated page"
"arcade baloane Sector 1","arcade baloane","Sector 1",false,"","none","missing",false,"","Commercial Investigation",false,true,"P1","Missing dedicated page"
"arcade baloane Sector 2","arcade baloane","Sector 2",false,"","none","missing",false,"","Commercial Investigation",false,true,"P1","Missing dedicated page"
"arcade baloane Sector 3","arcade baloane","Sector 3",false,"","none","missing",false,"","Commercial Investigation",false,true,"P1","Missing dedicated page"
"arcade baloane Sector 4","arcade baloane","Sector 4",false,"","none","missing",false,"","Commercial Investigation",false,true,"P1","Missing dedicated page"
"arcade baloane Sector 5","arcade baloane","Sector 5",false,"","none","missing",false,"","Commercial Investigation",false,true,"P1","Missing dedicated page"
"arcade baloane Sector 6","arcade baloane","Sector 6",false,"","none","missing",false,"","Commercial Investigation",false,true,"P1","Missing dedicated page"
"arcade baloane Ilfov","arcade baloane","Ilfov",true,"https://www.kassia.ro/arcada-baloane-bucuresti","partial","strong",false,"","Commercial Investigation",false,false,"P2","Needs improvement"
"arcade baloane Popești-Leordeni","arcade baloane","Popești-Leordeni",false,"","none","missing",false,"","Commercial Investigation",false,true,"P1","Missing dedicated page"
"arcade baloane Voluntari","arcade baloane","Voluntari",false,"","none","missing",false,"","Commercial Investigation",false,true,"P1","Missing dedicated page"
"arcade baloane Pipera","arcade baloane","Pipera",false,"","none","missing",false,"","Commercial Investigation",false,true,"P1","Missing dedicated page"
"arcade baloane Otopeni","arcade baloane","Otopeni",false,"","none","missing",false,"","Commercial Investigation",false,true,"P1","Missing dedicated page"
"arcade baloane Chiajna","arcade baloane","Chiajna",false,"","none","missing",false,"","Commercial Investigation",false,true,"P1","Missing dedicated page"
"arcade baloane Bragadiru","arcade baloane","Bragadiru",false,"","none","missing",false,"","Commercial Investigation",false,true,"P1","Missing dedicated page"
"arcade baloane Măgurele","arcade baloane","Măgurele",false,"","none","missing",false,"","Commercial Investigation",false,true,"P1","Missing dedicated page"
"arcade baloane Pantelimon","arcade baloane","Pantelimon",false,"","none","missing",false,"","Commercial Investigation",false,true,"P1","Missing dedicated page"
"arcade baloane Berceni","arcade baloane","Berceni",false,"","none","missing",false,"","Commercial Investigation",false,true,"P1","Missing dedicated page"
"arcade baloane Domnești","arcade baloane","Domnești",false,"","none","missing",false,"","Commercial Investigation",false,true,"P1","Missing dedicated page"
"arcade baloane Tunari","arcade baloane","Tunari",false,"","none","missing",false,"","Commercial Investigation",false,true,"P1","Missing dedicated page"
"arcade baloane Corbeanca","arcade baloane","Corbeanca",false,"","none","missing",false,"","Commercial Investigation",false,true,"P1","Missing dedicated page"
"ghirlande baloane București","ghirlande baloane","București",false,"","none","missing",false,"","Commercial Investigation",false,true,"P1","Missing dedicated page"
"ghirlande baloane Sector 1","ghirlande baloane","Sector 1",false,"","none","missing",false,"","Commercial Investigation",false,true,"P1","Missing dedicated page"
"ghirlande baloane Sector 2","ghirlande baloane","Sector 2",false,"","none","missing",false,"","Commercial Investigation",false,true,"P1","Missing dedicated page"
"ghirlande baloane Sector 3","ghirlande baloane","Sector 3",false,"","none","missing",false,"","Commercial Investigation",false,true,"P1","Missing dedicated page"
"ghirlande baloane Sector 4","ghirlande baloane","Sector 4",false,"","none","missing",false,"","Commercial Investigation",false,true,"P1","Missing dedicated page"
"ghirlande baloane Sector 5","ghirlande baloane","Sector 5",false,"","none","missing",false,"","Commercial Investigation",false,true,"P1","Missing dedicated page"
"ghirlande baloane Sector 6","ghirlande baloane","Sector 6",false,"","none","missing",false,"","Commercial Investigation",false,true,"P1","Missing dedicated page"
"ghirlande baloane Ilfov","ghirlande baloane","Ilfov",false,"","none","missing",false,"","Commercial Investigation",false,true,"P1","Missing dedicated page"
"ghirlande baloane Popești-Leordeni","ghirlande baloane","Popești-Leordeni",false,"","none","missing",false,"","Commercial Investigation",false,true,"P1","Missing dedicated page"
"ghirlande baloane Voluntari","ghirlande baloane","Voluntari",false,"","none","missing",false,"","Commercial Investigation",false,true,"P1","Missing dedicated page"
"ghirlande baloane Pipera","ghirlande baloane","Pipera",false,"","none","missing",false,"","Commercial Investigation",false,true,"P1","Missing dedicated page"
"ghirlande baloane Otopeni","ghirlande baloane","Otopeni",false,"","none","missing",false,"","Commercial Investigation",false,true,"P1","Missing dedicated page"
"ghirlande baloane Chiajna","ghirlande baloane","Chiajna",false,"","none","missing",false,"","Commercial Investigation",false,true,"P1","Missing dedicated page"
"ghirlande baloane Bragadiru","ghirlande baloane","Bragadiru",false,"","none","missing",false,"","Commercial Investigation",false,true,"P1","Missing dedicated page"
"ghirlande baloane Măgurele","ghirlande baloane","Măgurele",false,"","none","missing",false,"","Commercial Investigation",false,true,"P1","Missing dedicated page"
"ghirlande baloane Pantelimon","ghirlande baloane","Pantelimon",false,"","none","missing",false,"","Commercial Investigation",false,true,"P1","Missing dedicated page"
"ghirlande baloane Berceni","ghirlande baloane","Berceni",false,"","none","missing",false,"","Commercial Investigation",false,true,"P1","Missing dedicated page"
"ghirlande baloane Domnești","ghirlande baloane","Domnești",false,"","none","missing",false,"","Commercial Investigation",false,true,"P1","Missing dedicated page"
"ghirlande baloane Tunari","ghirlande baloane","Tunari",false,"","none","missing",false,"","Commercial Investigation",false,true,"P1","Missing dedicated page"
"ghirlande baloane Corbeanca","ghirlande baloane","Corbeanca",false,"","none","missing",false,"","Commercial Investigation",false,true,"P1","Missing dedicated page"
"panouri foto București","panouri foto","București",false,"","none","missing",false,"","Commercial Investigation",false,true,"P1","Missing dedicated page"
"panouri foto Sector 1","panouri foto","Sector 1",false,"","none","missing",false,"","Commercial Investigation",false,true,"P1","Missing dedicated page"
"panouri foto Sector 2","panouri foto","Sector 2",false,"","none","missing",false,"","Commercial Investigation",false,true,"P1","Missing dedicated page"
"panouri foto Sector 3","panouri foto","Sector 3",false,"","none","missing",false,"","Commercial Investigation",false,true,"P1","Missing dedicated page"
"panouri foto Sector 4","panouri foto","Sector 4",false,"","none","missing",false,"","Commercial Investigation",false,true,"P1","Missing dedicated page"
"panouri foto Sector 5","panouri foto","Sector 5",false,"","none","missing",false,"","Commercial Investigation",false,true,"P1","Missing dedicated page"
"panouri foto Sector 6","panouri foto","Sector 6",false,"","none","missing",false,"","Commercial Investigation",false,true,"P1","Missing dedicated page"
"panouri foto Ilfov","panouri foto","Ilfov",false,"","none","missing",false,"","Commercial Investigation",false,true,"P1","Missing dedicated page"
"panouri foto Popești-Leordeni","panouri foto","Popești-Leordeni",false,"","none","missing",false,"","Commercial Investigation",false,true,"P1","Missing dedicated page"
"panouri foto Voluntari","panouri foto","Voluntari",false,"","none","missing",false,"","Commercial Investigation",false,true,"P1","Missing dedicated page"
"panouri foto Pipera","panouri foto","Pipera",false,"","none","missing",false,"","Commercial Investigation",false,true,"P1","Missing dedicated page"
"panouri foto Otopeni","panouri foto","Otopeni",false,"","none","missing",false,"","Commercial Investigation",false,true,"P1","Missing dedicated page"
"panouri foto Chiajna","panouri foto","Chiajna",false,"","none","missing",false,"","Commercial Investigation",false,true,"P1","Missing dedicated page"
"panouri foto Bragadiru","panouri foto","Bragadiru",false,"","none","missing",false,"","Commercial Investigation",false,true,"P1","Missing dedicated page"
"panouri foto Măgurele","panouri foto","Măgurele",false,"","none","missing",false,"","Commercial Investigation",false,true,"P1","Missing dedicated page"
"panouri foto Pantelimon","panouri foto","Pantelimon",false,"","none","missing",false,"","Commercial Investigation",false,true,"P1","Missing dedicated page"
"panouri foto Berceni","panouri foto","Berceni",false,"","none","missing",false,"","Commercial Investigation",false,true,"P1","Missing dedicated page"
"panouri foto Domnești","panouri foto","Domnești",false,"","none","missing",false,"","Commercial Investigation",false,true,"P1","Missing dedicated page"
"panouri foto Tunari","panouri foto","Tunari",false,"","none","missing",false,"","Commercial Investigation",false,true,"P1","Missing dedicated page"
"panouri foto Corbeanca","panouri foto","Corbeanca",false,"","none","missing",false,"","Commercial Investigation",false,true,"P1","Missing dedicated page"
"photo corner București","photo corner","București",false,"","none","missing",false,"","Commercial Investigation",false,true,"P1","Missing dedicated page"
"photo corner Sector 1","photo corner","Sector 1",false,"","none","missing",false,"","Commercial Investigation",false,true,"P1","Missing dedicated page"
"photo corner Sector 2","photo corner","Sector 2",false,"","none","missing",false,"","Commercial Investigation",false,true,"P1","Missing dedicated page"
"photo corner Sector 3","photo corner","Sector 3",false,"","none","missing",false,"","Commercial Investigation",false,true,"P1","Missing dedicated page"
"photo corner Sector 4","photo corner","Sector 4",false,"","none","missing",false,"","Commercial Investigation",false,true,"P1","Missing dedicated page"
"photo corner Sector 5","photo corner","Sector 5",false,"","none","missing",false,"","Commercial Investigation",false,true,"P1","Missing dedicated page"
"photo corner Sector 6","photo corner","Sector 6",false,"","none","missing",false,"","Commercial Investigation",false,true,"P1","Missing dedicated page"
"photo corner Ilfov","photo corner","Ilfov",true,"https://www.kassia.ro/panou-foto-baloane-botez-bucuresti","partial","strong",false,"","Commercial Investigation",false,false,"P2","Needs improvement"
"photo corner Popești-Leordeni","photo corner","Popești-Leordeni",false,"","none","missing",false,"","Commercial Investigation",false,true,"P1","Missing dedicated page"
"photo corner Voluntari","photo corner","Voluntari",false,"","none","missing",false,"","Commercial Investigation",false,true,"P1","Missing dedicated page"
"photo corner Pipera","photo corner","Pipera",false,"","none","missing",false,"","Commercial Investigation",false,true,"P1","Missing dedicated page"
"photo corner Otopeni","photo corner","Otopeni",false,"","none","missing",false,"","Commercial Investigation",false,true,"P1","Missing dedicated page"
"photo corner Chiajna","photo corner","Chiajna",false,"","none","missing",false,"","Commercial Investigation",false,true,"P1","Missing dedicated page"
"photo corner Bragadiru","photo corner","Bragadiru",false,"","none","missing",false,"","Commercial Investigation",false,true,"P1","Missing dedicated page"
"photo corner Măgurele","photo corner","Măgurele",false,"","none","missing",false,"","Commercial Investigation",false,true,"P1","Missing dedicated page"
"photo corner Pantelimon","photo corner","Pantelimon",false,"","none","missing",false,"","Commercial Investigation",false,true,"P1","Missing dedicated page"
"photo corner Berceni","photo corner","Berceni",false,"","none","missing",false,"","Commercial Investigation",false,true,"P1","Missing dedicated page"
"photo corner Domnești","photo corner","Domnești",false,"","none","missing",false,"","Commercial Investigation",false,true,"P1","Missing dedicated page"
"photo corner Tunari","photo corner","Tunari",false,"","none","missing",false,"","Commercial Investigation",false,true,"P1","Missing dedicated page"
"photo corner Corbeanca","photo corner","Corbeanca",false,"","none","missing",false,"","Commercial Investigation",false,true,"P1","Missing dedicated page"
"baloane heliu București","baloane heliu","București",false,"","none","missing",false,"","Commercial Investigation",false,true,"P1","Missing dedicated page"
"baloane heliu Sector 1","baloane heliu","Sector 1",false,"","none","missing",false,"","Commercial Investigation",false,true,"P1","Missing dedicated page"
"baloane heliu Sector 2","baloane heliu","Sector 2",false,"","none","missing",false,"","Commercial Investigation",false,true,"P1","Missing dedicated page"
"baloane heliu Sector 3","baloane heliu","Sector 3",false,"","none","missing",false,"","Commercial Investigation",false,true,"P1","Missing dedicated page"
"baloane heliu Sector 4","baloane heliu","Sector 4",false,"","none","missing",false,"","Commercial Investigation",false,true,"P1","Missing dedicated page"
"baloane heliu Sector 5","baloane heliu","Sector 5",false,"","none","missing",false,"","Commercial Investigation",false,true,"P1","Missing dedicated page"
"baloane heliu Sector 6","baloane heliu","Sector 6",false,"","none","missing",false,"","Commercial Investigation",false,true,"P1","Missing dedicated page"
"baloane heliu Ilfov","baloane heliu","Ilfov",true,"https://www.kassia.ro/decoratiuni-baloane-corporate-bucuresti","partial","strong",false,"","Commercial Investigation",false,false,"P2","Needs improvement"
"baloane heliu Popești-Leordeni","baloane heliu","Popești-Leordeni",false,"","none","missing",false,"","Commercial Investigation",false,true,"P1","Missing dedicated page"
"baloane heliu Voluntari","baloane heliu","Voluntari",false,"","none","missing",false,"","Commercial Investigation",false,true,"P1","Missing dedicated page"
"baloane heliu Pipera","baloane heliu","Pipera",false,"","none","missing",false,"","Commercial Investigation",false,true,"P1","Missing dedicated page"
"baloane heliu Otopeni","baloane heliu","Otopeni",false,"","none","missing",false,"","Commercial Investigation",false,true,"P1","Missing dedicated page"
"baloane heliu Chiajna","baloane heliu","Chiajna",false,"","none","missing",false,"","Commercial Investigation",false,true,"P1","Missing dedicated page"
"baloane heliu Bragadiru","baloane heliu","Bragadiru",false,"","none","missing",false,"","Commercial Investigation",false,true,"P1","Missing dedicated page"
"baloane heliu Măgurele","baloane heliu","Măgurele",false,"","none","missing",false,"","Commercial Investigation",false,true,"P1","Missing dedicated page"
"baloane heliu Pantelimon","baloane heliu","Pantelimon",false,"","none","missing",false,"","Commercial Investigation",false,true,"P1","Missing dedicated page"
"baloane heliu Berceni","baloane heliu","Berceni",false,"","none","missing",false,"","Commercial Investigation",false,true,"P1","Missing dedicated page"
"baloane heliu Domnești","baloane heliu","Domnești",false,"","none","missing",false,"","Commercial Investigation",false,true,"P1","Missing dedicated page"
"baloane heliu Tunari","baloane heliu","Tunari",false,"","none","missing",false,"","Commercial Investigation",false,true,"P1","Missing dedicated page"
"baloane heliu Corbeanca","baloane heliu","Corbeanca",false,"","none","missing",false,"","Commercial Investigation",false,true,"P1","Missing dedicated page"
"stand vată de zahăr București","stand vată de zahăr","București",false,"","none","missing",false,"","Commercial Investigation",false,true,"P1","Missing dedicated page"
"stand vată de zahăr Sector 1","stand vată de zahăr","Sector 1",false,"","none","missing",false,"","Commercial Investigation",false,true,"P1","Missing dedicated page"
"stand vată de zahăr Sector 2","stand vată de zahăr","Sector 2",false,"","none","missing",false,"","Commercial Investigation",false,true,"P1","Missing dedicated page"
"stand vată de zahăr Sector 3","stand vată de zahăr","Sector 3",false,"","none","missing",false,"","Commercial Investigation",false,true,"P1","Missing dedicated page"
"stand vată de zahăr Sector 4","stand vată de zahăr","Sector 4",false,"","none","missing",false,"","Commercial Investigation",false,true,"P1","Missing dedicated page"
"stand vată de zahăr Sector 5","stand vată de zahăr","Sector 5",false,"","none","missing",false,"","Commercial Investigation",false,true,"P1","Missing dedicated page"
"stand vată de zahăr Sector 6","stand vată de zahăr","Sector 6",false,"","none","missing",false,"","Commercial Investigation",false,true,"P1","Missing dedicated page"
"stand vată de zahăr Ilfov","stand vată de zahăr","Ilfov",false,"","none","missing",false,"","Commercial Investigation",false,true,"P1","Missing dedicated page"
"stand vată de zahăr Popești-Leordeni","stand vată de zahăr","Popești-Leordeni",false,"","none","missing",false,"","Commercial Investigation",false,true,"P1","Missing dedicated page"
"stand vată de zahăr Voluntari","stand vată de zahăr","Voluntari",false,"","none","missing",false,"","Commercial Investigation",false,true,"P1","Missing dedicated page"
"stand vată de zahăr Pipera","stand vată de zahăr","Pipera",false,"","none","missing",false,"","Commercial Investigation",false,true,"P1","Missing dedicated page"
"stand vată de zahăr Otopeni","stand vată de zahăr","Otopeni",false,"","none","missing",false,"","Commercial Investigation",false,true,"P1","Missing dedicated page"
"stand vată de zahăr Chiajna","stand vată de zahăr","Chiajna",false,"","none","missing",false,"","Commercial Investigation",false,true,"P1","Missing dedicated page"
"stand vată de zahăr Bragadiru","stand vată de zahăr","Bragadiru",false,"","none","missing",false,"","Commercial Investigation",false,true,"P1","Missing dedicated page"
"stand vată de zahăr Măgurele","stand vată de zahăr","Măgurele",false,"","none","missing",false,"","Commercial Investigation",false,true,"P1","Missing dedicated page"
"stand vată de zahăr Pantelimon","stand vată de zahăr","Pantelimon",false,"","none","missing",false,"","Commercial Investigation",false,true,"P1","Missing dedicated page"
"stand vată de zahăr Berceni","stand vată de zahăr","Berceni",false,"","none","missing",false,"","Commercial Investigation",false,true,"P1","Missing dedicated page"
"stand vată de zahăr Domnești","stand vată de zahăr","Domnești",false,"","none","missing",false,"","Commercial Investigation",false,true,"P1","Missing dedicated page"
"stand vată de zahăr Tunari","stand vată de zahăr","Tunari",false,"","none","missing",false,"","Commercial Investigation",false,true,"P1","Missing dedicated page"
"stand vată de zahăr Corbeanca","stand vată de zahăr","Corbeanca",false,"","none","missing",false,"","Commercial Investigation",false,true,"P1","Missing dedicated page"
"stand popcorn București","stand popcorn","București",false,"","none","missing",false,"","Commercial Investigation",false,true,"P1","Missing dedicated page"
"stand popcorn Sector 1","stand popcorn","Sector 1",false,"","none","missing",false,"","Commercial Investigation",false,true,"P1","Missing dedicated page"
"stand popcorn Sector 2","stand popcorn","Sector 2",false,"","none","missing",false,"","Commercial Investigation",false,true,"P1","Missing dedicated page"
"stand popcorn Sector 3","stand popcorn","Sector 3",false,"","none","missing",false,"","Commercial Investigation",false,true,"P1","Missing dedicated page"
"stand popcorn Sector 4","stand popcorn","Sector 4",false,"","none","missing",false,"","Commercial Investigation",false,true,"P1","Missing dedicated page"
"stand popcorn Sector 5","stand popcorn","Sector 5",false,"","none","missing",false,"","Commercial Investigation",false,true,"P1","Missing dedicated page"
"stand popcorn Sector 6","stand popcorn","Sector 6",false,"","none","missing",false,"","Commercial Investigation",false,true,"P1","Missing dedicated page"
"stand popcorn Ilfov","stand popcorn","Ilfov",false,"","none","missing",false,"","Commercial Investigation",false,true,"P1","Missing dedicated page"
"stand popcorn Popești-Leordeni","stand popcorn","Popești-Leordeni",false,"","none","missing",false,"","Commercial Investigation",false,true,"P1","Missing dedicated page"
"stand popcorn Voluntari","stand popcorn","Voluntari",false,"","none","missing",false,"","Commercial Investigation",false,true,"P1","Missing dedicated page"
"stand popcorn Pipera","stand popcorn","Pipera",false,"","none","missing",false,"","Commercial Investigation",false,true,"P1","Missing dedicated page"
"stand popcorn Otopeni","stand popcorn","Otopeni",false,"","none","missing",false,"","Commercial Investigation",false,true,"P1","Missing dedicated page"
"stand popcorn Chiajna","stand popcorn","Chiajna",false,"","none","missing",false,"","Commercial Investigation",false,true,"P1","Missing dedicated page"
"stand popcorn Bragadiru","stand popcorn","Bragadiru",false,"","none","missing",false,"","Commercial Investigation",false,true,"P1","Missing dedicated page"
"stand popcorn Măgurele","stand popcorn","Măgurele",false,"","none","missing",false,"","Commercial Investigation",false,true,"P1","Missing dedicated page"
"stand popcorn Pantelimon","stand popcorn","Pantelimon",false,"","none","missing",false,"","Commercial Investigation",false,true,"P1","Missing dedicated page"
"stand popcorn Berceni","stand popcorn","Berceni",false,"","none","missing",false,"","Commercial Investigation",false,true,"P1","Missing dedicated page"
"stand popcorn Domnești","stand popcorn","Domnești",false,"","none","missing",false,"","Commercial Investigation",false,true,"P1","Missing dedicated page"
"stand popcorn Tunari","stand popcorn","Tunari",false,"","none","missing",false,"","Commercial Investigation",false,true,"P1","Missing dedicated page"
"stand popcorn Corbeanca","stand popcorn","Corbeanca",false,"","none","missing",false,"","Commercial Investigation",false,true,"P1","Missing dedicated page"
"standuri dulciuri București","standuri dulciuri","București",false,"","none","missing",false,"","Commercial Investigation",false,true,"P1","Missing dedicated page"
"standuri dulciuri Sector 1","standuri dulciuri","Sector 1",false,"","none","missing",false,"","Commercial Investigation",false,true,"P1","Missing dedicated page"
"standuri dulciuri Sector 2","standuri dulciuri","Sector 2",false,"","none","missing",false,"","Commercial Investigation",false,true,"P1","Missing dedicated page"
"standuri dulciuri Sector 3","standuri dulciuri","Sector 3",false,"","none","missing",false,"","Commercial Investigation",false,true,"P1","Missing dedicated page"
"standuri dulciuri Sector 4","standuri dulciuri","Sector 4",false,"","none","missing",false,"","Commercial Investigation",false,true,"P1","Missing dedicated page"
"standuri dulciuri Sector 5","standuri dulciuri","Sector 5",false,"","none","missing",false,"","Commercial Investigation",false,true,"P1","Missing dedicated page"
"standuri dulciuri Sector 6","standuri dulciuri","Sector 6",false,"","none","missing",false,"","Commercial Investigation",false,true,"P1","Missing dedicated page"
"standuri dulciuri Ilfov","standuri dulciuri","Ilfov",false,"","none","missing",false,"","Commercial Investigation",false,true,"P1","Missing dedicated page"
"standuri dulciuri Popești-Leordeni","standuri dulciuri","Popești-Leordeni",false,"","none","missing",false,"","Commercial Investigation",false,true,"P1","Missing dedicated page"
"standuri dulciuri Voluntari","standuri dulciuri","Voluntari",false,"","none","missing",false,"","Commercial Investigation",false,true,"P1","Missing dedicated page"
"standuri dulciuri Pipera","standuri dulciuri","Pipera",false,"","none","missing",false,"","Commercial Investigation",false,true,"P1","Missing dedicated page"
"standuri dulciuri Otopeni","standuri dulciuri","Otopeni",false,"","none","missing",false,"","Commercial Investigation",false,true,"P1","Missing dedicated page"
"standuri dulciuri Chiajna","standuri dulciuri","Chiajna",false,"","none","missing",false,"","Commercial Investigation",false,true,"P1","Missing dedicated page"
"standuri dulciuri Bragadiru","standuri dulciuri","Bragadiru",false,"","none","missing",false,"","Commercial Investigation",false,true,"P1","Missing dedicated page"
"standuri dulciuri Măgurele","standuri dulciuri","Măgurele",false,"","none","missing",false,"","Commercial Investigation",false,true,"P1","Missing dedicated page"
"standuri dulciuri Pantelimon","standuri dulciuri","Pantelimon",false,"","none","missing",false,"","Commercial Investigation",false,true,"P1","Missing dedicated page"
"standuri dulciuri Berceni","standuri dulciuri","Berceni",false,"","none","missing",false,"","Commercial Investigation",false,true,"P1","Missing dedicated page"
"standuri dulciuri Domnești","standuri dulciuri","Domnești",false,"","none","missing",false,"","Commercial Investigation",false,true,"P1","Missing dedicated page"
"standuri dulciuri Tunari","standuri dulciuri","Tunari",false,"","none","missing",false,"","Commercial Investigation",false,true,"P1","Missing dedicated page"
"standuri dulciuri Corbeanca","standuri dulciuri","Corbeanca",false,"","none","missing",false,"","Commercial Investigation",false,true,"P1","Missing dedicated page"
"pachete animatori și baloane București","pachete animatori și baloane","București",false,"","none","missing",false,"","Commercial Investigation",false,true,"P1","Missing dedicated page"
"pachete animatori și baloane Sector 1","pachete animatori și baloane","Sector 1",false,"","none","missing",false,"","Commercial Investigation",false,true,"P1","Missing dedicated page"
"pachete animatori și baloane Sector 2","pachete animatori și baloane","Sector 2",false,"","none","missing",false,"","Commercial Investigation",false,true,"P1","Missing dedicated page"
"pachete animatori și baloane Sector 3","pachete animatori și baloane","Sector 3",false,"","none","missing",false,"","Commercial Investigation",false,true,"P1","Missing dedicated page"
"pachete animatori și baloane Sector 4","pachete animatori și baloane","Sector 4",false,"","none","missing",false,"","Commercial Investigation",false,true,"P1","Missing dedicated page"
"pachete animatori și baloane Sector 5","pachete animatori și baloane","Sector 5",false,"","none","missing",false,"","Commercial Investigation",false,true,"P1","Missing dedicated page"
"pachete animatori și baloane Sector 6","pachete animatori și baloane","Sector 6",false,"","none","missing",false,"","Commercial Investigation",false,true,"P1","Missing dedicated page"
"pachete animatori și baloane Ilfov","pachete animatori și baloane","Ilfov",false,"","none","missing",false,"","Commercial Investigation",false,true,"P1","Missing dedicated page"
"pachete animatori și baloane Popești-Leordeni","pachete animatori și baloane","Popești-Leordeni",false,"","none","missing",false,"","Commercial Investigation",false,true,"P1","Missing dedicated page"
"pachete animatori și baloane Voluntari","pachete animatori și baloane","Voluntari",false,"","none","missing",false,"","Commercial Investigation",false,true,"P1","Missing dedicated page"
"pachete animatori și baloane Pipera","pachete animatori și baloane","Pipera",false,"","none","missing",false,"","Commercial Investigation",false,true,"P1","Missing dedicated page"
"pachete animatori și baloane Otopeni","pachete animatori și baloane","Otopeni",false,"","none","missing",false,"","Commercial Investigation",false,true,"P1","Missing dedicated page"
"pachete animatori și baloane Chiajna","pachete animatori și baloane","Chiajna",false,"","none","missing",false,"","Commercial Investigation",false,true,"P1","Missing dedicated page"
"pachete animatori și baloane Bragadiru","pachete animatori și baloane","Bragadiru",false,"","none","missing",false,"","Commercial Investigation",false,true,"P1","Missing dedicated page"
"pachete animatori și baloane Măgurele","pachete animatori și baloane","Măgurele",false,"","none","missing",false,"","Commercial Investigation",false,true,"P1","Missing dedicated page"
"pachete animatori și baloane Pantelimon","pachete animatori și baloane","Pantelimon",false,"","none","missing",false,"","Commercial Investigation",false,true,"P1","Missing dedicated page"
"pachete animatori și baloane Berceni","pachete animatori și baloane","Berceni",false,"","none","missing",false,"","Commercial Investigation",false,true,"P1","Missing dedicated page"
"pachete animatori și baloane Domnești","pachete animatori și baloane","Domnești",false,"","none","missing",false,"","Commercial Investigation",false,true,"P1","Missing dedicated page"
"pachete animatori și baloane Tunari","pachete animatori și baloane","Tunari",false,"","none","missing",false,"","Commercial Investigation",false,true,"P1","Missing dedicated page"
"pachete animatori și baloane Corbeanca","pachete animatori și baloane","Corbeanca",false,"","none","missing",false,"","Commercial Investigation",false,true,"P1","Missing dedicated page"