url,slug,path,exists_in_sitemap,exists_in_db,exists_in_live_crawl,exists_in_internal_links,db_page_id,live_status_code,canonical,canonical_ok,robots_meta,indexable,title,title_duplicate_group,meta_description,meta_duplicate_group,h1,h1_duplicate_group,h2,word_count_main_content,word_count_body_total,page_type,service_detected,location_detected,intent_detected,internal_links_in_count,internal_links_out_count,orphan_risk,images_count,images_missing_alt,schema_types_detected,cta_detected,contact_link_detected,pricing_or_package_detected,faq_visible,faq_schema_detected,reviews_or_trust_detected,issues,recommendation
"https://www.kassia.ro/decoratiuni-baloane-corporate-bucuresti","/decoratiuni-baloane-corporate-bucuresti","/decoratiuni-baloane-corporate-bucuresti",true,false,true,true,"",200,"https://www.kassia.ro/decoratiuni-baloane-corporate-bucuresti/",true,"index, follow",true,"Decorațiuni Baloane Corporate București și Ilfov | Kassia Events","","Decorațiuni cu baloane pentru evenimente corporate în București și Ilfov. Arcade, panouri foto, decoruri pentru lansări, conferințe și petreceri de firmă.","","Decorațiuni cu baloane pentru evenimente corporate în București și Ilfov","","Impact vizual pentru evenimente de companie; Decoruri pentru lansări de produs, conferințe și petreceri de firmă; Arcade organice și zone de întâmpinare pentru branduri; Panou foto corporate și decor pentru poze; Culori de brand și decor personalizat pentru locație; Montaj la locație și ofertă personalizată; Întrebări Frecvente",786,4386,"service","","","",5,81,false,27,0,"",true,true,true,true,false,false,"","KEEP"
"https://www.kassia.ro/panou-foto-baloane-majorat-bucuresti","/panou-foto-baloane-majorat-bucuresti","/panou-foto-baloane-majorat-bucuresti",true,false,true,true,"",200,"https://www.kassia.ro/panou-foto-baloane-majorat-bucuresti/",true,"index, follow",true,"Panou Foto Majorat cu Baloane București | Kassia Events","","Panou foto cu baloane pentru majorat în București și Ilfov. Photo corner cu cifre 18, baloane cu heliu, arcade și decor glam pentru petreceri.","","Panou foto cu baloane pentru majorat în București și Ilfov","","Photo corner pentru poze la majorat; Panou foto cu cifre 18 și baloane; Decor glam pentru Sweet 18; Panou foto combinat cu arcadă sau baloane cu heliu; Culori și stiluri pentru panou foto majorat; Montaj la locație și ofertă personalizată; Întrebări Frecvente",929,4535,"service","","","",5,84,false,27,0,"",true,true,true,true,false,false,"","KEEP"
"https://www.kassia.ro/decoratiuni-baloane-nunta-bucuresti","/decoratiuni-baloane-nunta-bucuresti","/decoratiuni-baloane-nunta-bucuresti",true,false,true,true,"",200,"https://www.kassia.ro/decoratiuni-baloane-nunta-bucuresti/",true,"index, follow",true,"Decorațiuni baloane nuntă București și Ilfov | Kassia Events","","Decorațiuni cu baloane pentru nuntă și cununie în București și Ilfov. Arcade, panouri foto, decor pentru candy bar, intrare și zone foto.","","Decorațiuni cu baloane pentru nuntă în București și Ilfov","","Alege Serviciul Dorit; Ce poate include un decor de nuntă cu baloane; Cum alegem culorile și stilul decorului de nuntă; Montaj la locație în București și Ilfov; Stabilește detaliile pentru nunta ta; Întrebări Frecvente",722,4348,"service","","","",5,80,false,26,0,"",true,true,true,true,false,false,"","KEEP"
"https://www.kassia.ro/contact","/contact","/contact",true,false,true,true,"",200,"https://www.kassia.ro/contact/",true,"index, follow",true,"Contact Kassia Events | Decorațiuni cu baloane București și Ilfov","","Contactează Kassia Events pentru decorațiuni cu baloane în București și Ilfov. Cere o estimare adaptată pe WhatsApp sau telefon pentru evenimentul tău.","","Contact Kassia Events pentru decorațiuni cu baloane în București și Ilfov","","Date de contact directe; De ce detalii avem nevoie?; Unde ne deplasăm?; Cum pregătim oferta; Trimite-ne detaliile evenimentului; Întrebări Frecvente",641,4113,"service","","","",5,80,false,23,0,"",true,true,true,true,false,false,"","KEEP"
"https://www.kassia.ro/preturi-decoratiuni-baloane","/preturi-decoratiuni-baloane","/preturi-decoratiuni-baloane",true,false,true,true,"",200,"https://www.kassia.ro/preturi-decoratiuni-baloane/",true,"index, follow",true,"Prețuri decorațiuni baloane București și Ilfov | Kassia Events","","Află de ce depind prețurile pentru decorațiuni cu baloane în București și Ilfov. Solicită o estimare adaptată pentru evenimentul tău.","","Prețuri decorațiuni cu baloane în București și Ilfov","","Alege Serviciul Dorit; Întrebări Frecvente",692,4370,"service","","","",5,89,false,27,0,"",true,true,true,true,false,false,"","KEEP"
"https://www.kassia.ro/baloane-heliu-aniversare-bucuresti","/baloane-heliu-aniversare-bucuresti","/baloane-heliu-aniversare-bucuresti",true,false,true,true,"",200,"https://www.kassia.ro/baloane-heliu-aniversare-bucuresti/",true,"index, follow",true,"Baloane cu Heliu Aniversare București și Ilfov | Kassia Events","","Baloane cu heliu pentru aniversări în București și Ilfov. Buchete, cifre, litere, baloane folie și aranjamente festive pentru copii și adulți.","","Baloane cu heliu pentru aniversare în București și Ilfov","","Buchete de baloane cu heliu pentru petreceri aniversare; Cifre, litere și baloane folie pentru vârsta aniversată; Baloane cu heliu pentru copii, adulți și majorate; Culori și stiluri pentru baloane cu heliu aniversare; Baloane cu heliu combinate cu panou foto sau arcadă; Comandă și ofertă personalizată pentru baloane cu heliu; Întrebări Frecvente",929,4512,"service","","","",5,85,false,27,0,"",true,true,true,true,false,false,"","KEEP"
"https://www.kassia.ro/decoratiuni-baloane-bucuresti","/decoratiuni-baloane-bucuresti","/decoratiuni-baloane-bucuresti",true,false,true,true,"",200,"https://www.kassia.ro/decoratiuni-baloane-bucuresti/",true,"index, follow",true,"Decorațiuni cu Baloane București și Ilfov | Kassia Events","","Realizăm decoruri cu baloane pentru botezuri, nunți, aniversări și evenimente corporate în București și Ilfov. Arcade, panouri foto și baloane cu heliu.","","Decorațiuni cu baloane în București și Ilfov","","Alege Serviciul Dorit; De ce să alegi Kassia Events?; Importanța unui decor unitar; Organizarea spațiului în funcție de locație; Diferența dintre designul organic și abordarea clasică; Rolul zonelor foto în captarea momentelor; Elemente plutitoare pentru ringul de dans; Tendințe actuale în cromatica aranjamentelor; Integrarea baloanelor la nunți; Impact vizual pentru evenimente corporate; De la idee la montaj: stabilirea detaliilor; Cere o propunere pentru decorul tău; Întrebări Frecvente",1299,5370,"service","","","",5,92,false,30,0,"",true,true,true,true,false,false,"","KEEP"
"https://www.kassia.ro/panou-foto-baloane-bucuresti","/panou-foto-baloane-bucuresti","/panou-foto-baloane-bucuresti",true,false,true,true,"",200,"https://www.kassia.ro/panou-foto-baloane-bucuresti/",true,"index, follow",true,"Panou Foto cu Baloane București și Ilfov | Kassia Events","","Panouri foto cu baloane pentru botezuri, nunți, aniversări, majorate și evenimente corporate în București și Ilfov. Decoruri elegante pentru poze deosebite.","","Panou foto cu baloane în București și Ilfov","","Pentru ce evenimente se potrivește un panou foto cu baloane; Tipuri de panouri foto și decoruri disponibile; Panou foto pentru botez, nuntă, aniversare sau majorat; Cum alegem culorile, dimensiunea și stilul panoului; Montaj la locație și ofertă personalizată; Întrebări Frecvente",885,4440,"service","","","",5,74,false,26,0,"",true,true,true,true,false,false,"","KEEP"
"https://www.kassia.ro/baloane-heliu-bucuresti","/baloane-heliu-bucuresti","/baloane-heliu-bucuresti",true,false,true,true,"",200,"https://www.kassia.ro/baloane-heliu-bucuresti/",true,"index, follow",true,"Baloane cu Heliu București și Ilfov | Kassia Events","","Baloane cu heliu pentru aniversări, botezuri, petreceri și evenimente în București și Ilfov. Buchete, cifre, litere și baloane folie, personalizate pe temă și culori.","","Baloane cu heliu în București și Ilfov","","Ce tipuri de baloane cu heliu poți alege; Buchete de baloane, cifre și litere pentru ocazii speciale; Baloane cu heliu pentru botezuri, aniversări și petreceri; Cum alegem culorile și stilul aranjamentului; Cum comanzi baloane cu heliu de la Kassia Events; Întrebări Frecvente",875,4430,"service","","","",5,73,false,26,0,"",true,true,true,true,false,false,"","KEEP"
"https://www.kassia.ro/decoratiuni-baloane-botez-bucuresti","/decoratiuni-baloane-botez-bucuresti","/decoratiuni-baloane-botez-bucuresti",true,false,true,true,"",200,"https://www.kassia.ro/decoratiuni-baloane-botez-bucuresti/",true,"index, follow",true,"Decorațiuni Baloane Botez București și Ilfov | Kassia Events","","Decorațiuni cu baloane pentru botez în București și Ilfov. Arcade, panouri foto, candy bar, baloane cu heliu și decoruri personalizate pentru fetiță sau băiețel.","","Decorațiuni cu baloane pentru botez în București și Ilfov","","Decor complet pentru botez, de la intrare la masa de tort; Arcade din baloane pentru intrare și zona foto; Panou foto cu baloane pentru poze de familie; Candy bar, masă de tort și colț tematic; Baloane cu heliu și buchete pentru mesele invitaților; Culori pastelate pentru fetiță, băiețel sau tematică neutră; Montaj la restaurant, salon, terasă sau acasă; Cum stabilim detaliile pentru botezul copilului tău; Importanța cromaticii în amenajarea botezului; Primul impact: amenajarea zonei de primire; Zone de atracție pentru cei mici și cei mari; Criterii în alegerea dimensiunii potrivite pentru structuri; Organizarea logistică a montajului la restaurant; Programează decorul de botez; Întrebări Frecvente",1628,5618,"service","","","",5,81,false,29,0,"",true,true,true,true,false,false,"","KEEP"
"https://www.kassia.ro","/","/",true,false,true,true,"",200,"https://www.kassia.ro/",true,"index, follow",true,"Organizare petreceri copii și decoruri baloane București | Kassia Events","","Kassia Events organizează petreceri pentru copii în București și Ilfov, cu animatori, mascote, activități interactive și decoruri cu baloane adaptate evenimentului.","","Kassia Events: organizare petreceri pentru copii și decoruri cu baloane","","Alege Serviciul Dorit; Primul eveniment important; Decoruri pentru momente speciale; Decor pentru compania ta; Etapele unei colaborări; Trimite detaliile petrecerii; Detalii pentru programele cu animatori; Întrebări Frecvente",1081,5466,"homepage","","","",5,104,false,42,0,"",true,true,true,true,false,false,"","KEEP"
"https://www.kassia.ro/decoratiuni-baloane-majorat-bucuresti","/decoratiuni-baloane-majorat-bucuresti","/decoratiuni-baloane-majorat-bucuresti",true,false,true,true,"",200,"https://www.kassia.ro/decoratiuni-baloane-majorat-bucuresti/",true,"index, follow",true,"Decorațiuni Baloane Majorat București și Ilfov | Kassia Events","","Decorațiuni cu baloane pentru majorat în București și Ilfov. Panouri foto, arcade, cifre 18, baloane cu heliu și decoruri personalizate pentru petreceri reușite.","","Decorațiuni cu baloane pentru majorat în București și Ilfov","","Decor expresiv pentru petrecerea de 18 ani; Panou foto și zonă instagramabilă pentru majorat; Cifre 18, baloane cu heliu și buchete festive; Arcade și decor pentru intrare, candy bar sau scenă; Tematici, culori și stiluri pentru majorat; Montaj la locație și ofertă personalizată; Întrebări Frecvente",936,4550,"service","","","",5,82,false,27,0,"",true,true,true,true,false,false,"","KEEP"
"https://www.kassia.ro/decoratiuni-baloane-aniversare-copii-bucuresti","/decoratiuni-baloane-aniversare-copii-bucuresti","/decoratiuni-baloane-aniversare-copii-bucuresti",true,false,true,true,"",200,"https://www.kassia.ro/decoratiuni-baloane-aniversare-copii-bucuresti/",true,"index, follow",true,"Decorațiuni Baloane Aniversare Copii București | Kassia Events","","Decorațiuni cu baloane pentru aniversări de copii în București și Ilfov. Panouri foto, arcade, baloane cu heliu, candy bar și decoruri tematice personalizate.","","Decorațiuni cu baloane pentru aniversare copii în București și Ilfov","","Decoruri tematice pentru petreceri de copii; Panou foto pentru aniversare copii; Baloane cu heliu, cifre și buchete colorate; Arcade și decor pentru candy bar sau masa de tort; Culori, vârstă și stilul petrecerii; Montaj la locație și ofertă personalizată; Întrebări Frecvente",888,4507,"service","","","",5,84,false,27,0,"",true,true,true,true,false,false,"","KEEP"
"https://www.kassia.ro/arcada-baloane-bucuresti","/arcada-baloane-bucuresti","/arcada-baloane-bucuresti",true,false,true,true,"",200,"https://www.kassia.ro/arcada-baloane-bucuresti/",true,"index, follow",true,"Arcade din Baloane București și Ilfov | Kassia Events","","Arcade din baloane pentru evenimente în București și Ilfov. Decoruri organice pentru botezuri, nunți, aniversări, candy bar, panouri foto și intrări elegante.","","Arcade din baloane în București și Ilfov","","Unde se pot folosi arcadele din baloane; Arcade organice, semi-arcade și decoruri personalizate; Arcade din baloane pentru botez, nuntă și aniversări; Cum alegem culorile și dimensiunea arcadei; Montaj la locație în București și Ilfov; Întrebări Frecvente",865,4396,"service","","","",5,73,false,26,0,"",true,true,true,true,false,false,"","KEEP"
"https://www.kassia.ro/animatori-gradinita-bucuresti","/animatori-gradinita-bucuresti","/animatori-gradinita-bucuresti",true,false,true,false,"",200,"https://www.kassia.ro/animatori-gradinita-bucuresti/",true,"index, follow",true,"Animatori grădiniță București | Activități copii | Kassia","","Animatori pentru grădinițe, serbări și activități pentru copii în București. Jocuri interactive, mini-disco, personaje și activități adaptate vârstei preșcolare.","","Animatori pentru grădinițe în București","","De ce să aduci animatori la evenimentele de la grădiniță?; Activități incluse în pachetele de animație; Personalizare în funcție de vârstă; Rezervă un program special pentru serbarea de la grădiniță; Întrebări Frecvente",712,4118,"service","","","",0,69,true,20,0,"",true,true,true,true,false,false,"","KEEP"
"https://www.kassia.ro/animatori-evenimente-copii-bucuresti","/animatori-evenimente-copii-bucuresti","/animatori-evenimente-copii-bucuresti",true,false,true,false,"",200,"https://www.kassia.ro/animatori-evenimente-copii-bucuresti/",true,"index, follow",true,"Animatori evenimente copii București | Petreceri | Kassia","","Animatori pentru evenimente cu copii în București și Ilfov, potriviți pentru serbări, petreceri private, inaugurări și evenimente speciale.","","Animatori pentru evenimente cu copii în București","","De ce să chemi animatori la un eveniment cu copii?; Activități incluse în pachetele de animație; Personalizare în funcție de vârstă; Rezervă animatori pentru evenimentul tău din București; Întrebări Frecvente",711,4112,"service","","","",0,69,true,20,0,"",true,true,true,true,false,false,"","KEEP"
"https://www.kassia.ro/animatori-botez-bucuresti","/animatori-botez-bucuresti","/animatori-botez-bucuresti",true,false,true,false,"",200,"https://www.kassia.ro/animatori-botez-bucuresti/",true,"index, follow",true,"Animatori botez București | Activități copii la botez | Kassia","","Programe cu animatori pentru botezuri în București și Ilfov, cu jocuri, personaje, pictură pe față și activități pentru copiii invitați.","","Animatori pentru botezuri în București","","De ce să chemi animatori la un botez în București?; Activități incluse în pachetele de animație; Personalizare în funcție de vârstă; Rezervă animatori pentru botezul copilului tău; Întrebări Frecvente",709,4111,"service","","","",0,69,true,20,0,"",true,true,true,true,false,false,"","KEEP"
"https://www.kassia.ro/arcada-baloane-botez-bucuresti","/arcada-baloane-botez-bucuresti","/arcada-baloane-botez-bucuresti",true,false,true,true,"",200,"https://www.kassia.ro/arcada-baloane-botez-bucuresti/",true,"index, follow",true,"Arcadă Baloane Botez București și Ilfov | Kassia Events","","Arcadă din baloane pentru botez în București și Ilfov. Decoruri pastel, organice, pentru intrare, candy bar, panou foto și masa de tort.","","Arcadă din baloane pentru botez în București și Ilfov","","Arcadă organică pentru intrare sau zona principală; Arcadă pentru panou foto la botez; Arcadă pentru candy bar sau masa de tort; Culori potrivite pentru botez de fetiță, băiețel sau tematică neutră; Arcadă combinată cu baloane cu heliu și buchete; Montaj la locație și ofertă personalizată; Plănuiești un botez curând?; Întrebări Frecvente",800,4447,"service","","","",5,83,false,27,0,"",true,true,true,true,false,false,"","KEEP"
"https://www.kassia.ro/jocuri-muzicale-copii-bucuresti","/jocuri-muzicale-copii-bucuresti","/jocuri-muzicale-copii-bucuresti",true,false,true,false,"",200,"https://www.kassia.ro/jocuri-muzicale-copii-bucuresti/",true,"index, follow",true,"Animatori Petreceri Copii jocuri muzicale copii bucuresti | Kassia","","Cauți animatori pentru petreceri copii în jocuri muzicale copii bucuresti? Descoperă pachetele noastre cu personaje, jocuri interactive, pictură pe față și modelaj baloane.","","Animatori Petreceri Copii jocuri muzicale copii bucuresti","","De ce să alegi animatori pentru jocuri muzicale copii bucuresti?; Activități incluse în pachetele de animație; Personalizare în funcție de vârstă; Rezervă acum pentru petrecerea ta în jocuri muzicale copii bucuresti; Întrebări Frecvente",725,4152,"service","","","",0,69,true,20,0,"",true,true,true,true,false,false,"","KEEP"
"https://www.kassia.ro/modelaj-baloane-copii-bucuresti","/modelaj-baloane-copii-bucuresti","/modelaj-baloane-copii-bucuresti",true,false,true,true,"",200,"https://www.kassia.ro/modelaj-baloane-copii-bucuresti/",true,"index, follow",true,"Modelaj Baloane pentru Petreceri Copii in Bucuresti si Ilfov","","Adu zambete la petrecerea copilului tau cu serviciul de modelaj baloane in Bucuresti si Ilfov. Săbii, floricele, animale și coronițe create de animatori talentati.","","Modelaj de Baloane pentru Petreceri Copii în București și Ilfov","","Rolul modelajului de baloane în dinamica petrecerii; Figurine modelate pentru copii la petreceri; Organizarea activității de modelare a baloanelor; Integrarea modelajului în tematica evenimentului; Servicii de modelaj la diverse tipuri de evenimente; Cum solicitați activitatea de modelaj; Întrebări Frecvente",1129,4732,"service","","","",5,68,false,23,0,"",true,true,true,true,false,false,"","KEEP"
"https://www.kassia.ro/panou-foto-baloane-botez-bucuresti","/panou-foto-baloane-botez-bucuresti","/panou-foto-baloane-botez-bucuresti",true,false,true,true,"",200,"https://www.kassia.ro/panou-foto-baloane-botez-bucuresti/",true,"index, follow",true,"Panou Foto Baloane Botez București și Ilfov | Photo Corner","","Panou foto cu baloane pentru botez în București și Ilfov. Alege un photo corner rotund, pastelat și elegant, integrat armonios alături de candy bar sau arcadă.","","Panou foto cu baloane pentru botez în București și Ilfov","","Un cadru foto pregătit pentru familie, nași și invitați; Forme potrivite pentru un decor de botez echilibrat; Culori calme pentru fotografii luminoase; Panou foto integrat cu masa de tort și candy bar-ul; Detalii personalizate fără încărcarea decorului; Montaj la restaurant, salon, terasă sau acasă; Vrei un panou foto pentru botez?; Întrebări Frecvente",884,4504,"service","","","",5,76,false,27,0,"",true,true,true,true,false,false,"","KEEP"
"https://www.kassia.ro/pictura-pe-fata-copii-bucuresti","/pictura-pe-fata-copii-bucuresti","/pictura-pe-fata-copii-bucuresti",true,false,true,true,"",200,"https://www.kassia.ro/pictura-pe-fata-copii-bucuresti/",true,"index, follow",true,"Pictura pe Fata (Face Painting) Petreceri Copii Bucuresti si Ilfov","","Pictură pe față pentru petreceri de copii în București și Ilfov, cu modele colorate și materiale potrivite pentru copii.","","Pictură pe Față pentru Petreceri de Copii în București și Ilfov","","Zâmbete Colorate și Transformări Magice; Importanța materialelor utilizate în pictura pe față; Ce modele pot alege copiii? O lume fără limite!; Cum se desfășoară sesiunea de pictură pe față la o petrecere?; Pictura pe față și limitările de vârstă; Activități speciale de pictură pe față; Planificarea activităților de pictură pe față în București și Ilfov; Întrebări Frecvente",1537,5108,"service","","","",5,71,false,20,0,"",true,true,true,true,false,false,"","KEEP"
"https://www.kassia.ro/buchete-baloane-aniversare-bucuresti","/buchete-baloane-aniversare-bucuresti","/buchete-baloane-aniversare-bucuresti",true,false,true,true,"",200,"https://www.kassia.ro/buchete-baloane-aniversare-bucuresti/",true,"index, follow",true,"Buchete Baloane Aniversare București și Ilfov | Kassia Events","","Buchete de baloane pentru aniversări în București și Ilfov. Aranjamente cu baloane decorative, folie, cifre, litere și baloane cu heliu pentru petreceri.","","Buchete de baloane pentru aniversare în București și Ilfov","","Buchete de baloane pentru cadou sau surpriză; Buchete cu cifre, litere și baloane folie; Buchete de baloane pentru copii, adulți și majorate; Culori și stiluri pentru buchete aniversare; Buchete integrate în decorul aniversării; Comandă buchete de baloane pentru aniversare; Întrebări Frecvente",894,4487,"service","","","",5,85,false,27,0,"",true,true,true,true,false,false,"","KEEP"
"https://www.kassia.ro/jocuri-interactive-copii-bucuresti","/jocuri-interactive-copii-bucuresti","/jocuri-interactive-copii-bucuresti",true,false,true,true,"",200,"https://www.kassia.ro/jocuri-interactive-copii-bucuresti/",true,"index, follow",true,"Jocuri Interactive si Concursuri Petreceri Copii Bucuresti si Ilfov","","Energie, rasete si multa miscare cu jocuri interactive pentru petreceri copii in Bucuresti si Ilfov. Program animatie plin de concursuri captivante.","","Jocuri Interactive și Concursuri pentru Petreceri Copii în București și Ilfov","","Secretul Unei Petreceri Pline de Energie; Rolul jocurilor interactive; Ce tipuri de activități includem în program?; Adaptarea la locațiile specifice; Cum integrăm jocurile în tematica petrecerii?; Organizarea cu atenție și abordarea empatică; Jocurile Interactive: Componenta de bază a fiecărui program; Întrebări Frecvente",1549,5198,"service","","","",5,68,false,20,0,"",true,true,true,true,false,false,"","KEEP"
"https://www.kassia.ro/mascote-petreceri-copii-bucuresti","/mascote-petreceri-copii-bucuresti","/mascote-petreceri-copii-bucuresti",true,false,true,true,"",200,"https://www.kassia.ro/mascote-petreceri-copii-bucuresti/",true,"index, follow",true,"Mascote Petreceri Copii Bucuresti si Ilfov | Inchirieri Mascote","","Inchirieri mascote de poveste pentru petreceri copii in Bucuresti si Ilfov. Surprize uriașe, dans, bucurie și fotografii spectaculoase cu mascote de pluș.","","Mascote  pentru Petreceri Copii în București și Ilfov","","Momentul Surpriză la Orice Eveniment; Ce aduce în plus o mascotă la o petrecere de copii?; Tipuri de mascote și personaje din care poți alege; Momentul potrivit pentru apariția mascotei; Combinația potrivită: Animator + Mascotă; Limitări logistice și sfaturi pentru locație; Concepte pentru evenimente de amploare; Cum stabiliți prezența unei mascote Kassia Events?; Mascote disponibile pentru petreceri de copii; Vezi catalogul de personaje disponibile; Întrebări Frecvente",1948,5623,"service","","","",5,69,false,20,0,"",true,true,true,true,false,false,"","KEEP"
"https://www.kassia.ro/animatori-mot-turta-bucuresti","/animatori-mot-turta-bucuresti","/animatori-mot-turta-bucuresti",true,false,true,false,"",200,"https://www.kassia.ro/animatori-mot-turta-bucuresti/",true,"index, follow",true,"Animatori moț și turtă București | Petreceri copii | Kassia","","Animatori pentru petreceri de moț și turtă în București și Ilfov, cu jocuri, personaje, pictură pe față și activități pentru copiii invitați.","","Animatori pentru petreceri de moț și turtă în București","","De ce să alegi animatori pentru petrecerea de moț sau turtă?; Activități incluse în pachetele de animație; Personalizare în funcție de vârstă; Rezervă animatori pentru petrecerea de moț sau turtă în București; Întrebări Frecvente",719,4129,"service","","","",0,69,true,20,0,"",true,true,true,true,false,false,"","KEEP"
"https://www.kassia.ro/pachet-animator-si-pictura-pe-fata-bucuresti","/pachet-animator-si-pictura-pe-fata-bucuresti","/pachet-animator-si-pictura-pe-fata-bucuresti",true,false,true,false,"",200,"https://www.kassia.ro/pachet-animator-si-pictura-pe-fata-bucuresti/",true,"index, follow",true,"Animatori Petreceri Copii pachet animator si pictura pe fata bucuresti | Kassia","","Cauți animatori pentru petreceri copii în pachet animator si pictura pe fata bucuresti? Descoperă pachetele noastre cu personaje, jocuri interactive, pictură pe față și modelaj baloane.","","Animatori Petreceri Copii pachet animator si pictura pe fata bucuresti","","De ce să alegi animatori pentru pachet animator si pictura pe fata bucuresti?; Activități incluse în pachetele de animație; Personalizare în funcție de vârstă; Rezervă acum pentru petrecerea ta în pachet animator si pictura pe fata bucuresti; Întrebări Frecvente",730,4166,"service","","","",0,69,true,20,0,"",true,true,true,true,false,false,"","KEEP"
"https://www.kassia.ro/arcada-baloane-majorat-bucuresti","/arcada-baloane-majorat-bucuresti","/arcada-baloane-majorat-bucuresti",true,false,true,true,"",200,"https://www.kassia.ro/arcada-baloane-majorat-bucuresti/",true,"index, follow",true,"Arcadă Baloane Majorat București și Ilfov | Kassia Events","","Arcadă din baloane pentru majorat în București și Ilfov. Decor glam cu baloane organice, cifre 18, panou foto și culori personalizate pentru petreceri.","","Arcadă din baloane pentru majorat în București și Ilfov","","Arcadă organică pentru intrare sau zona foto; Arcadă cu cifre 18 și baloane glam; Arcadă pentru panou foto sau candy bar; Culori elegante pentru arcadă de majorat; Arcadă combinată cu buchete și baloane cu heliu; Montaj la locație și ofertă personalizată; Întrebări Frecvente",908,4512,"service","","","",5,84,false,27,0,"",true,true,true,true,false,false,"","KEEP"
"https://www.kassia.ro/animatori-serbare-copii-bucuresti","/animatori-serbare-copii-bucuresti","/animatori-serbare-copii-bucuresti",true,false,true,false,"",200,"https://www.kassia.ro/animatori-serbare-copii-bucuresti/",true,"index, follow",true,"Animatori Petreceri Copii animatori serbare copii bucuresti | Kassia","","Cauți animatori pentru petreceri copii în animatori serbare copii bucuresti? Descoperă pachetele noastre cu personaje, jocuri interactive, pictură pe față și modelaj baloane.","","Animatori Petreceri Copii animatori serbare copii bucuresti","","De ce să alegi animatori pentru animatori serbare copii bucuresti?; Activități incluse în pachetele de animație; Personalizare în funcție de vârstă; Rezervă acum pentru petrecerea ta în animatori serbare copii bucuresti; Întrebări Frecvente",725,4152,"service","","","",0,69,true,20,0,"",true,true,true,true,false,false,"","KEEP"
"https://www.kassia.ro/animatori-eveniment-corporate-copii-bucuresti","/animatori-eveniment-corporate-copii-bucuresti","/animatori-eveniment-corporate-copii-bucuresti",true,false,true,false,"",200,"https://www.kassia.ro/animatori-eveniment-corporate-copii-bucuresti/",true,"index, follow",true,"Animatori copii evenimente corporate București | Kassia","","Animatori pentru copii la evenimente corporate, Family Day și petreceri de companie în București și Ilfov, cu jocuri interactive, mascote și activități adaptate grupului.","","Animatori pentru copii la evenimente corporate în București","","Activități pentru copiii invitați la evenimente corporate; Program adaptat pentru grupuri și vârste diferite; Organizare pentru sediu, sală de evenimente sau spațiu exterior; Cere o propunere pentru evenimentul companiei; Întrebări Frecvente",750,4271,"service","","","",0,69,true,24,0,"",true,true,true,true,false,false,"","KEEP"
"https://www.kassia.ro/animatori-petrecere-tematica-copii-bucuresti","/animatori-petrecere-tematica-copii-bucuresti","/animatori-petrecere-tematica-copii-bucuresti",true,false,true,false,"",200,"https://www.kassia.ro/animatori-petrecere-tematica-copii-bucuresti/",true,"index, follow",true,"Animatori Petreceri Copii animatori petrecere tematica copii bucuresti | Kassia","","Cauți animatori pentru petreceri copii în animatori petrecere tematica copii bucuresti? Descoperă pachetele noastre cu personaje, jocuri interactive, pictură pe față și modelaj baloane.","","Animatori Petreceri Copii animatori petrecere tematica copii bucuresti","","De ce să alegi animatori pentru animatori petrecere tematica copii bucuresti?; Activități incluse în pachetele de animație; Personalizare în funcție de vârstă; Rezervă acum pentru petrecerea ta în animatori petrecere tematica copii bucuresti; Întrebări Frecvente",730,4166,"service","","","",0,69,true,20,0,"",true,true,true,true,false,false,"","KEEP"
"https://www.kassia.ro/pachet-animator-si-jocuri-copii-bucuresti","/pachet-animator-si-jocuri-copii-bucuresti","/pachet-animator-si-jocuri-copii-bucuresti",true,false,true,false,"",200,"https://www.kassia.ro/pachet-animator-si-jocuri-copii-bucuresti/",true,"index, follow",true,"Animatori Petreceri Copii pachet animator si jocuri copii bucuresti | Kassia","","Cauți animatori pentru petreceri copii în pachet animator si jocuri copii bucuresti? Descoperă pachetele noastre cu personaje, jocuri interactive, pictură pe față și modelaj baloane.","","Animatori Petreceri Copii pachet animator si jocuri copii bucuresti","","De ce să alegi animatori pentru pachet animator si jocuri copii bucuresti?; Activități incluse în pachetele de animație; Personalizare în funcție de vârstă; Rezervă acum pentru petrecerea ta în pachet animator si jocuri copii bucuresti; Întrebări Frecvente",730,4166,"service","","","",0,69,true,20,0,"",true,true,true,true,false,false,"","KEEP"
"https://www.kassia.ro/animatori-scoala-bucuresti","/animatori-scoala-bucuresti","/animatori-scoala-bucuresti",true,false,true,false,"",200,"https://www.kassia.ro/animatori-scoala-bucuresti/",true,"index, follow",true,"Animatori școală București | Banchete și serbări | Kassia","","Programe interactive și animatori pentru școli, afterschool-uri, banchete și petreceri de final de an în București. Jocuri de echipă și activități captivante.","","Animatori pentru petreceri și serbări școlare în București","","De ce să alegi animatori pentru petrecerile școlare?; Activități incluse în pachetele de animație; Personalizare în funcție de vârstă; Programează un eveniment memorabil pentru clasa ta; Întrebări Frecvente",712,4115,"service","","","",0,69,true,20,0,"",true,true,true,true,false,false,"","KEEP"
"https://www.kassia.ro/decoratiuni-baloane-aniversare-adulti-bucuresti","/decoratiuni-baloane-aniversare-adulti-bucuresti","/decoratiuni-baloane-aniversare-adulti-bucuresti",true,false,true,true,"",200,"https://www.kassia.ro/decoratiuni-baloane-aniversare-adulti-bucuresti/",true,"index, follow",true,"Decorațiuni Baloane Aniversare Adulți București | Kassia Events","","Decorațiuni cu baloane pentru aniversări de adulți în București și Ilfov. Panouri foto, arcade, baloane cu heliu și decoruri elegante pentru petreceri reușite.","","Decorațiuni cu baloane pentru aniversare adulți în București și Ilfov","","Decor elegant pentru aniversări private; Panou foto pentru aniversare adulți; Baloane cu heliu, cifre și buchete aniversare; Arcade și decor pentru intrare, candy bar sau masa de tort; Culori și stiluri pentru petreceri de adulți; Montaj la locație și ofertă personalizată; Întrebări Frecvente",924,4554,"service","","","",5,83,false,27,0,"",true,true,true,true,false,false,"","KEEP"
"https://www.kassia.ro/mini-disco-copii-bucuresti","/mini-disco-copii-bucuresti","/mini-disco-copii-bucuresti",true,false,true,true,"",200,"https://www.kassia.ro/mini-disco-copii-bucuresti/",true,"index, follow",true,"Mini-Disco și Coregrafii Muzicale pentru Copii in Bucuresti","","Organizam programe de Mini-Disco și dansuri coregrafiate la petrecerile de copii din Bucuresti si Ilfov. Muzica, lumini, baloane de sapun si multa energie.","","Mini-Disco și Dansuri Coregrafiate pentru Copii în București și Ilfov","","O Petrecere unde Nimeni nu Stă Jos!; Ce înseamnă un program Mini-Disco adevărat?; Playlist-ul: Coloana Sonoră a Distracției; Jocuri Muzicale: Când dansul devine competiție veselă; Echipamente complementare: Baloane de Săpun și Lumini; Integrarea în programele cu Animatori sau Mascote; Cum planificați momentul Mini-Disco potrivit?; Întrebări Frecvente",1588,5204,"service","","","",5,68,false,20,0,"",true,true,true,true,false,false,"","KEEP"
"https://www.kassia.ro/animatori-tematica-jungla-bucuresti","/animatori-tematica-jungla-bucuresti","/animatori-tematica-jungla-bucuresti",true,false,true,false,"",200,"https://www.kassia.ro/animatori-tematica-jungla-bucuresti/",true,"index, follow",true,"Animatori tematică junglă București | Petreceri copii | Kassia","","Animatori pentru petreceri copii cu tematică de junglă în București și Ilfov, cu jocuri de explorare, activități creative, personaje și atmosferă de aventură.","","Animatori cu tematică junglă pentru copii în București","","De ce să alegi animatori cu tematică de junglă pentru petrecerea celor mici?; Activități incluse în pachetele de animație; Personalizare în funcție de vârstă; Rezervă animatori cu tematică de junglă pentru evenimentul tău în București; Întrebări Frecvente",721,4132,"service","","","",0,69,true,20,0,"",true,true,true,true,false,false,"","KEEP"
"https://www.kassia.ro/animatori-printese-bucuresti","/animatori-printese-bucuresti","/animatori-printese-bucuresti",true,false,true,false,"",200,"https://www.kassia.ro/animatori-printese-bucuresti/",true,"index, follow",true,"Animatori Petreceri Copii animatori printese bucuresti | Kassia","","Cauți animatori pentru petreceri copii în animatori printese bucuresti? Descoperă pachetele noastre cu personaje, jocuri interactive, pictură pe față și modelaj baloane.","","Animatori Petreceri Copii animatori printese bucuresti","","De ce să alegi animatori pentru animatori printese bucuresti?; Activități incluse în pachetele de animație; Personalizare în funcție de vârstă; Rezervă acum pentru petrecerea ta în animatori printese bucuresti; Întrebări Frecvente",720,4138,"service","","","",0,69,true,20,0,"",true,true,true,true,false,false,"","KEEP"
"https://www.kassia.ro/animatori-clovni-bucuresti","/animatori-clovni-bucuresti","/animatori-clovni-bucuresti",true,false,true,false,"",200,"https://www.kassia.ro/animatori-clovni-bucuresti/",true,"index, follow",true,"Animatori clovni București | Petreceri copii | Kassia","","Animatori clovni pentru petreceri copii în București și Ilfov, cu jocuri interactive, personaje, pictură pe față și modelaj de baloane.","","Animatori clovni pentru petreceri copii în București","","De ce să inviți un clovn animator la petrecerea copilului?; Activități incluse în pachetele de animație; Personalizare în funcție de vârstă; Rezervă animatori clovni pentru evenimentul tău în București; Întrebări Frecvente",715,4118,"service","","","",0,69,true,20,0,"",true,true,true,true,false,false,"","KEEP"
"https://www.kassia.ro/animatori-tematica-unicorn-bucuresti","/animatori-tematica-unicorn-bucuresti","/animatori-tematica-unicorn-bucuresti",true,false,true,false,"",200,"https://www.kassia.ro/animatori-tematica-unicorn-bucuresti/",true,"index, follow",true,"Animatori tematică unicorn București | Petreceri copii | Kassia","","Animatori pentru petreceri copii cu tematică unicorn în București și Ilfov, cu personaje, jocuri interactive, pictură pe față și modelaj de baloane.","","Animatori cu tematică unicorn pentru copii în București","","De ce să alegi animatori cu tematică unicorn pentru petrecerea copilului?; Activități incluse în pachetele de animație; Personalizare în funcție de vârstă; Rezervă animatori cu tematică unicorn pentru evenimentul tău în București; Întrebări Frecvente",719,4129,"service","","","",0,69,true,20,0,"",true,true,true,true,false,false,"","KEEP"
"https://www.kassia.ro/animatori-supereroi-bucuresti","/animatori-supereroi-bucuresti","/animatori-supereroi-bucuresti",true,false,true,false,"",200,"https://www.kassia.ro/animatori-supereroi-bucuresti/",true,"index, follow",true,"Animatori Petreceri Copii animatori supereroi bucuresti | Kassia","","Cauți animatori pentru petreceri copii în animatori supereroi bucuresti? Descoperă pachetele noastre cu personaje, jocuri interactive, pictură pe față și modelaj baloane.","","Animatori Petreceri Copii animatori supereroi bucuresti","","De ce să alegi animatori pentru animatori supereroi bucuresti?; Activități incluse în pachetele de animație; Personalizare în funcție de vârstă; Rezervă acum pentru petrecerea ta în animatori supereroi bucuresti; Întrebări Frecvente",720,4138,"service","","","",0,69,true,20,0,"",true,true,true,true,false,false,"","KEEP"
"https://www.kassia.ro/animatori-tematica-safari-bucuresti","/animatori-tematica-safari-bucuresti","/animatori-tematica-safari-bucuresti",true,false,true,false,"",200,"https://www.kassia.ro/animatori-tematica-safari-bucuresti/",true,"index, follow",true,"Animatori Petreceri Copii animatori tematica safari bucuresti | Kassia","","Cauți animatori pentru petreceri copii în animatori tematica safari bucuresti? Descoperă pachetele noastre cu personaje, jocuri interactive, pictură pe față și modelaj baloane.","","Animatori Petreceri Copii animatori tematica safari bucuresti","","De ce să alegi animatori pentru animatori tematica safari bucuresti?; Activități incluse în pachetele de animație; Personalizare în funcție de vârstă; Rezervă acum pentru petrecerea ta în animatori tematica safari bucuresti; Întrebări Frecvente",725,4152,"service","","","",0,69,true,20,0,"",true,true,true,true,false,false,"","KEEP"
"https://www.kassia.ro/animatori-tematica-aventura-bucuresti","/animatori-tematica-aventura-bucuresti","/animatori-tematica-aventura-bucuresti",true,false,true,false,"",200,"https://www.kassia.ro/animatori-tematica-aventura-bucuresti/",true,"index, follow",true,"Animatori Petreceri Copii animatori tematica aventura bucuresti | Kassia","","Cauți animatori pentru petreceri copii în animatori tematica aventura bucuresti? Descoperă pachetele noastre cu personaje, jocuri interactive, pictură pe față și modelaj baloane.","","Animatori Petreceri Copii animatori tematica aventura bucuresti","","De ce să alegi animatori pentru animatori tematica aventura bucuresti?; Activități incluse în pachetele de animație; Personalizare în funcție de vârstă; Rezervă acum pentru petrecerea ta în animatori tematica aventura bucuresti; Întrebări Frecvente",725,4152,"service","","","",0,69,true,20,0,"",true,true,true,true,false,false,"","KEEP"
"https://www.kassia.ro/animatori-tematica-disco-bucuresti","/animatori-tematica-disco-bucuresti","/animatori-tematica-disco-bucuresti",true,false,true,false,"",200,"https://www.kassia.ro/animatori-tematica-disco-bucuresti/",true,"index, follow",true,"Animatori Petreceri Copii animatori tematica disco bucuresti | Kassia","","Cauți animatori pentru petreceri copii în animatori tematica disco bucuresti? Descoperă pachetele noastre cu personaje, jocuri interactive, pictură pe față și modelaj baloane.","","Animatori Petreceri Copii animatori tematica disco bucuresti","","De ce să alegi animatori pentru animatori tematica disco bucuresti?; Activități incluse în pachetele de animație; Personalizare în funcție de vârstă; Rezervă acum pentru petrecerea ta în animatori tematica disco bucuresti; Întrebări Frecvente",725,4152,"service","","","",0,69,true,20,0,"",true,true,true,true,false,false,"","KEEP"
"https://www.kassia.ro/animatori-copii-la-restaurant-bucuresti","/animatori-copii-la-restaurant-bucuresti","/animatori-copii-la-restaurant-bucuresti",true,false,true,false,"",200,"https://www.kassia.ro/animatori-copii-la-restaurant-bucuresti/",true,"index, follow",true,"Animatori copii la restaurant București | Petreceri | Kassia","","Animatori pentru petreceri copii organizate la restaurant în București și Ilfov, cu jocuri interactive, activități compacte și program adaptat spațiului disponibil.","","Animatori pentru copii la restaurant în București","","Cum ținem copiii implicați la o petrecere în restaurant; Activități potrivite pentru spații de interior; Ce facem dacă restaurantul nu are loc de joacă separat; Rezervă animatori pentru petrecerea la restaurant în București; Întrebări Frecvente",770,4297,"service","","","",0,69,true,24,0,"",true,true,true,true,false,false,"","KEEP"
"https://www.kassia.ro/animatori-tematica-dinozauri-bucuresti","/animatori-tematica-dinozauri-bucuresti","/animatori-tematica-dinozauri-bucuresti",true,false,true,false,"",200,"https://www.kassia.ro/animatori-tematica-dinozauri-bucuresti/",true,"index, follow",true,"Animatori tematică dinozauri București | Petreceri copii | Kassia","","Animatori pentru petreceri copii cu tematică dinozauri în București și Ilfov, cu jocuri interactive, personaje, activități creative și atmosferă de aventură.","","Animatori cu tematică dinozauri pentru copii în București","","De ce să alegi animatori cu tematică dinozauri pentru petrecerea copilului?; Activități incluse în pachetele de animație; Personalizare în funcție de vârstă; Rezervă animatori cu tematică dinozauri pentru evenimentul tău în București; Întrebări Frecvente",718,4127,"service","","","",0,69,true,20,0,"",true,true,true,true,false,false,"","KEEP"
"https://www.kassia.ro/animatori-tematica-basm-bucuresti","/animatori-tematica-basm-bucuresti","/animatori-tematica-basm-bucuresti",true,false,true,false,"",200,"https://www.kassia.ro/animatori-tematica-basm-bucuresti/",true,"index, follow",true,"Animatori Petreceri Copii animatori tematica basm bucuresti | Kassia","","Cauți animatori pentru petreceri copii în animatori tematica basm bucuresti? Descoperă pachetele noastre cu personaje, jocuri interactive, pictură pe față și modelaj baloane.","","Animatori Petreceri Copii animatori tematica basm bucuresti","","De ce să alegi animatori pentru animatori tematica basm bucuresti?; Activități incluse în pachetele de animație; Personalizare în funcție de vârstă; Rezervă acum pentru petrecerea ta în animatori tematica basm bucuresti; Întrebări Frecvente",725,4152,"service","","","",0,69,true,20,0,"",true,true,true,true,false,false,"","KEEP"
"https://www.kassia.ro/animatori-tematica-spatiu-bucuresti","/animatori-tematica-spatiu-bucuresti","/animatori-tematica-spatiu-bucuresti",true,false,true,false,"",200,"https://www.kassia.ro/animatori-tematica-spatiu-bucuresti/",true,"index, follow",true,"Animatori tematică spațiu București | Petreceri copii | Kassia","","Animatori pentru petreceri copii cu tematică de spațiu în București și Ilfov, cu personaje, jocuri tematice, activități creative și modelaj de baloane.","","Animatori cu tematică spațiu pentru copii în București","","De ce să alegi animatori cu tematică de spațiu pentru petrecerea copilului?; Activități incluse în pachetele de animație; Personalizare în funcție de vârstă; Rezervă animatori cu tematică de spațiu pentru evenimentul tău în București; Întrebări Frecvente",718,4127,"service","","","",0,69,true,20,0,"",true,true,true,true,false,false,"","KEEP"
"https://www.kassia.ro/animatori-tematica-povesti-bucuresti","/animatori-tematica-povesti-bucuresti","/animatori-tematica-povesti-bucuresti",true,false,true,false,"",200,"https://www.kassia.ro/animatori-tematica-povesti-bucuresti/",true,"index, follow",true,"Animatori Petreceri Copii animatori tematica povesti bucuresti | Kassia","","Cauți animatori pentru petreceri copii în animatori tematica povesti bucuresti? Descoperă pachetele noastre cu personaje, jocuri interactive, pictură pe față și modelaj baloane.","","Animatori Petreceri Copii animatori tematica povesti bucuresti","","De ce să alegi animatori pentru animatori tematica povesti bucuresti?; Activități incluse în pachetele de animație; Personalizare în funcție de vârstă; Rezervă acum pentru petrecerea ta în animatori tematica povesti bucuresti; Întrebări Frecvente",725,4152,"service","","","",0,69,true,20,0,"",true,true,true,true,false,false,"","KEEP"
"https://www.kassia.ro/animatori-tematica-circ-bucuresti","/animatori-tematica-circ-bucuresti","/animatori-tematica-circ-bucuresti",true,false,true,false,"",200,"https://www.kassia.ro/animatori-tematica-circ-bucuresti/",true,"index, follow",true,"Animatori Petreceri Copii animatori tematica circ bucuresti | Kassia","","Cauți animatori pentru petreceri copii în animatori tematica circ bucuresti? Descoperă pachetele noastre cu personaje, jocuri interactive, pictură pe față și modelaj baloane.","","Animatori Petreceri Copii animatori tematica circ bucuresti","","De ce să alegi animatori pentru animatori tematica circ bucuresti?; Activități incluse în pachetele de animație; Personalizare în funcție de vârstă; Rezervă acum pentru petrecerea ta în animatori tematica circ bucuresti; Întrebări Frecvente",727,4156,"service","","","",0,69,true,20,0,"",true,true,true,true,false,false,"","KEEP"
"https://www.kassia.ro/animatori-tematica-curcubeu-bucuresti","/animatori-tematica-curcubeu-bucuresti","/animatori-tematica-curcubeu-bucuresti",true,false,true,false,"",200,"https://www.kassia.ro/animatori-tematica-curcubeu-bucuresti/",true,"index, follow",true,"Animatori Petreceri Copii animatori tematica curcubeu bucuresti | Kassia","","Cauți animatori pentru petreceri copii în animatori tematica curcubeu bucuresti? Descoperă pachetele noastre cu personaje, jocuri interactive, pictură pe față și modelaj baloane.","","Animatori Petreceri Copii animatori tematica curcubeu bucuresti","","De ce să alegi animatori pentru animatori tematica curcubeu bucuresti?; Activități incluse în pachetele de animație; Personalizare în funcție de vârstă; Rezervă acum pentru petrecerea ta în animatori tematica curcubeu bucuresti; Întrebări Frecvente",725,4152,"service","","","",0,69,true,20,0,"",true,true,true,true,false,false,"","KEEP"
"https://www.kassia.ro/animatori-tematica-fotbal-bucuresti","/animatori-tematica-fotbal-bucuresti","/animatori-tematica-fotbal-bucuresti",true,false,true,false,"",200,"https://www.kassia.ro/animatori-tematica-fotbal-bucuresti/",true,"index, follow",true,"Animatori Petreceri Copii animatori tematica fotbal bucuresti | Kassia","","Cauți animatori pentru petreceri copii în animatori tematica fotbal bucuresti? Descoperă pachetele noastre cu personaje, jocuri interactive, pictură pe față și modelaj baloane.","","Animatori Petreceri Copii animatori tematica fotbal bucuresti","","De ce să alegi animatori pentru animatori tematica fotbal bucuresti?; Activități incluse în pachetele de animație; Personalizare în funcție de vârstă; Rezervă acum pentru petrecerea ta în animatori tematica fotbal bucuresti; Întrebări Frecvente",725,4152,"service","","","",0,69,true,20,0,"",true,true,true,true,false,false,"","KEEP"
"https://www.kassia.ro/animatori-tematica-animale-bucuresti","/animatori-tematica-animale-bucuresti","/animatori-tematica-animale-bucuresti",true,false,true,false,"",200,"https://www.kassia.ro/animatori-tematica-animale-bucuresti/",true,"index, follow",true,"Animatori Petreceri Copii animatori tematica animale bucuresti | Kassia","","Cauți animatori pentru petreceri copii în animatori tematica animale bucuresti? Descoperă pachetele noastre cu personaje, jocuri interactive, pictură pe față și modelaj baloane.","","Animatori Petreceri Copii animatori tematica animale bucuresti","","De ce să alegi animatori pentru animatori tematica animale bucuresti?; Activități incluse în pachetele de animație; Personalizare în funcție de vârstă; Rezervă acum pentru petrecerea ta în animatori tematica animale bucuresti; Întrebări Frecvente",725,4152,"service","","","",0,69,true,20,0,"",true,true,true,true,false,false,"","KEEP"
"https://www.kassia.ro/animatori-tematica-petrecere-fete-bucuresti","/animatori-tematica-petrecere-fete-bucuresti","/animatori-tematica-petrecere-fete-bucuresti",true,false,true,false,"",200,"https://www.kassia.ro/animatori-tematica-petrecere-fete-bucuresti/",true,"index, follow",true,"Animatori Petreceri Copii animatori tematica petrecere fete bucuresti | Kassia","","Cauți animatori pentru petreceri copii în animatori tematica petrecere fete bucuresti? Descoperă pachetele noastre cu personaje, jocuri interactive, pictură pe față și modelaj baloane.","","Animatori Petreceri Copii animatori tematica petrecere fete bucuresti","","De ce să alegi animatori pentru animatori tematica petrecere fete bucuresti?; Activități incluse în pachetele de animație; Personalizare în funcție de vârstă; Rezervă acum pentru petrecerea ta în animatori tematica petrecere fete bucuresti; Întrebări Frecvente",730,4166,"service","","","",0,69,true,20,0,"",true,true,true,true,false,false,"","KEEP"
"https://www.kassia.ro/animatori-tematica-petrecere-baieti-bucuresti","/animatori-tematica-petrecere-baieti-bucuresti","/animatori-tematica-petrecere-baieti-bucuresti",true,false,true,false,"",200,"https://www.kassia.ro/animatori-tematica-petrecere-baieti-bucuresti/",true,"index, follow",true,"Animatori Petreceri Copii animatori tematica petrecere baieti bucuresti | Kassia","","Cauți animatori pentru petreceri copii în animatori tematica petrecere baieti bucuresti? Descoperă pachetele noastre cu personaje, jocuri interactive, pictură pe față și modelaj baloane.","","Animatori Petreceri Copii animatori tematica petrecere baieti bucuresti","","De ce să alegi animatori pentru animatori tematica petrecere baieti bucuresti?; Activități incluse în pachetele de animație; Personalizare în funcție de vârstă; Rezervă acum pentru petrecerea ta în animatori tematica petrecere baieti bucuresti; Întrebări Frecvente",730,4166,"service","","","",0,69,true,20,0,"",true,true,true,true,false,false,"","KEEP"
"https://www.kassia.ro/animatori-tematica-cavaleri-bucuresti","/animatori-tematica-cavaleri-bucuresti","/animatori-tematica-cavaleri-bucuresti",true,false,true,false,"",200,"https://www.kassia.ro/animatori-tematica-cavaleri-bucuresti/",true,"index, follow",true,"Animatori Petreceri Copii animatori tematica cavaleri bucuresti | Kassia","","Cauți animatori pentru petreceri copii în animatori tematica cavaleri bucuresti? Descoperă pachetele noastre cu personaje, jocuri interactive, pictură pe față și modelaj baloane.","","Animatori Petreceri Copii animatori tematica cavaleri bucuresti","","De ce să alegi animatori pentru animatori tematica cavaleri bucuresti?; Activități incluse în pachetele de animație; Personalizare în funcție de vârstă; Rezervă acum pentru petrecerea ta în animatori tematica cavaleri bucuresti; Întrebări Frecvente",725,4152,"service","","","",0,69,true,20,0,"",true,true,true,true,false,false,"","KEEP"
"https://www.kassia.ro/animatori-tematica-detectivi-bucuresti","/animatori-tematica-detectivi-bucuresti","/animatori-tematica-detectivi-bucuresti",true,false,true,false,"",200,"https://www.kassia.ro/animatori-tematica-detectivi-bucuresti/",true,"index, follow",true,"Animatori Petreceri Copii animatori tematica detectivi bucuresti | Kassia","","Cauți animatori pentru petreceri copii în animatori tematica detectivi bucuresti? Descoperă pachetele noastre cu personaje, jocuri interactive, pictură pe față și modelaj baloane.","","Animatori Petreceri Copii animatori tematica detectivi bucuresti","","De ce să alegi animatori pentru animatori tematica detectivi bucuresti?; Activități incluse în pachetele de animație; Personalizare în funcție de vârstă; Rezervă acum pentru petrecerea ta în animatori tematica detectivi bucuresti; Întrebări Frecvente",725,4152,"service","","","",0,69,true,20,0,"",true,true,true,true,false,false,"","KEEP"
"https://www.kassia.ro/animatori-petreceri-copii-sector-6","/animatori-petreceri-copii-sector-6","/animatori-petreceri-copii-sector-6",true,false,true,true,"",200,"https://www.kassia.ro/animatori-petreceri-copii-sector-6/",true,"index, follow",true,"Animatori pentru petreceri de copii în Sector 6 | Kassia","","Activități pentru petreceri de copii în Sector 6, adaptate pentru Drumul Taberei, Militari, Ghencea, Crângași, Giulești, Regie și Grozăvești.","","Animatori pentru petreceri de copii în Sector 6","","Ce rol are animatorul la o petrecere în Sector 6; Programe cu animatori potrivite pentru petrecerea ta; Activități care se pot integra în program; Cum adaptăm programul pentru zonele din Sector 6; Animatori la domiciliu, la restaurant, grădiniță sau spațiu de joacă în Sector 6; Pentru ce evenimente din Sector 6 se pot pregăti activitățile; De ce să alegi Kassia pentru o petrecere în Sector 6; Pregătește petrecerea copilului în Sector 6; Detalii pentru programul de animație; Întrebări Frecvente",1168,5684,"service","","","",5,77,false,27,0,"",true,true,true,true,false,false,"","KEEP"
"https://www.kassia.ro/animatori-petreceri-copii-sector-3","/animatori-petreceri-copii-sector-3","/animatori-petreceri-copii-sector-3",true,false,true,true,"",200,"https://www.kassia.ro/animatori-petreceri-copii-sector-3/",true,"index, follow",true,"Animatori pentru petreceri de copii în Sector 3 | Kassia","","Cauți animatori pentru copii în Sectorul 3? Oferim programe interactive cu personaje îndrăgite, jocuri distractive, pictură pe față și modelaj de baloane adaptate evenimentului.","","Animatori pentru petreceri de copii în Sector 3","","Ce face un animator la petrecerea copilului; Programe cu animatori potrivite pentru petrecerea ta; Activități care pot fi incluse în program; Cum adaptăm programul pentru petrecerile din Sector 3; Animatori la domiciliu, la restaurant, grădiniță sau spațiu de joacă în Sector 3; Pentru ce tipuri de petreceri este potrivit; De ce să alegi Kassia pentru petrecerea copilului; Planifică petrecerea copilului în Sector 3; Detalii pentru programul de animație; Întrebări Frecvente",1104,5596,"service","","","",5,79,false,27,0,"",true,true,true,true,false,false,"","KEEP"
"https://www.kassia.ro/animatori-petreceri-copii-sector-2","/animatori-petreceri-copii-sector-2","/animatori-petreceri-copii-sector-2",true,false,true,true,"",200,"https://www.kassia.ro/animatori-petreceri-copii-sector-2/",true,"index, follow",true,"Animatori pentru petreceri de copii în Sector 2 | Kassia","","Cauți animatori pentru copii în Sectorul 2? Oferim programe interactive cu personaje îndrăgite, jocuri distractive, pictură pe față și modelaj de baloane adaptate evenimentului.","","Animatori pentru petreceri de copii în Sector 2","","Ce face un animator la petrecerea copilului; Programe cu animatori potrivite pentru petrecerea ta; Cum adaptăm programul pentru locațiile din Sectorul 2; Activități care pot fi incluse în program; Cum adaptăm programul pentru petrecerile din Sector 2; Animatori la domiciliu, la restaurant, grădiniță sau spațiu de joacă în Sector 2; Pentru ce tipuri de petreceri este potrivit; De ce să alegi Kassia pentru petrecerea copilului; Planifică petrecerea copilului în Sector 2; Detalii pentru programul de animație; Întrebări Frecvente",1181,5692,"service","","","",5,79,false,27,0,"",true,true,true,true,false,false,"","KEEP"
"https://www.kassia.ro/animatori-petreceri-copii-sector-4","/animatori-petreceri-copii-sector-4","/animatori-petreceri-copii-sector-4",true,false,true,true,"",200,"https://www.kassia.ro/animatori-petreceri-copii-sector-4/",true,"index, follow",true,"Animatori pentru petreceri de copii în Sector 4 | Kassia","","Cauți animatori pentru copii în Sectorul 4? Oferim programe interactive cu personaje îndrăgite, jocuri distractive, pictură pe față și modelaj de baloane.","","Animatori pentru petreceri de copii în Sector 4","","Ce face un animator la petrecerea copilului; Programe cu animatori potrivite pentru petrecerea ta; Activități care pot fi incluse în program; Cum adaptăm programul pentru petrecerile din Sector 4; Animatori la domiciliu, la restaurant, grădiniță sau spațiu de joacă în Sector 4; Pentru ce tipuri de petreceri este potrivit; De ce să alegi Kassia pentru petrecerea copilului; Planifică petrecerea copilului în Sector 4; Detalii pentru programul de animație; Întrebări Frecvente",1099,5586,"service","","","",5,79,false,27,0,"",true,true,true,true,false,false,"","KEEP"
"https://www.kassia.ro/animatori-petreceri-copii-herastrau","/animatori-petreceri-copii-herastrau","/animatori-petreceri-copii-herastrau",true,false,true,false,"",200,"https://www.kassia.ro/animatori-petreceri-copii-herastrau/",true,"index, follow",true,"Animatori pentru petreceri de copii în Herăstrău | Kassia","","Animatori pentru petreceri de copii în Herăstrău, cu jocuri interactive, mascote, pictură pe față, modelaj de baloane, mini-disco și activități adaptate vârstei copiilor.","","Animatori pentru petreceri de copii în Herăstrău","","Ce face un animator la petrecerea copilului; Activități care pot fi incluse în program; Cum adaptăm programul pentru petrecerile din Herăstrău; Petreceri în aer liber în Parcul Herăstrău sau la spații de evenimente; Pentru ce tipuri de petreceri este potrivit; De ce să alegi Kassia pentru evenimentul tău; Planifică petrecerea copilului în Herăstrău; Întrebări Frecvente",949,4581,"service","","","",0,72,true,27,0,"",true,true,true,true,false,false,"","KEEP"
"https://www.kassia.ro/baloane-heliu-majorat-bucuresti","/baloane-heliu-majorat-bucuresti","/baloane-heliu-majorat-bucuresti",true,false,true,true,"",200,"https://www.kassia.ro/baloane-heliu-majorat-bucuresti/",true,"index, follow",true,"Baloane cu Heliu Majorat București și Ilfov | Kassia Events","","Baloane cu heliu pentru majorat în București și Ilfov. Cifre 18, buchete festive, baloane folie și aranjamente personalizate pentru petreceri.","","Baloane cu heliu pentru majorat în București și Ilfov","","Cifre 18 cu heliu pentru majorat; Buchete de baloane cu heliu pentru Sweet 18; Baloane folie, litere și accente metalizate; Baloane cu heliu lângă panou foto sau arcadă; Culori și stiluri pentru baloane cu heliu la majorat; Comandă baloane cu heliu pentru majorat; Întrebări Frecvente",896,4471,"service","","","",5,83,false,27,0,"",true,true,true,true,false,false,"","KEEP"
"https://www.kassia.ro/animatori-petreceri-copii","/animatori-petreceri-copii","/animatori-petreceri-copii",true,false,true,true,"",200,"https://www.kassia.ro/animatori-petreceri-copii/",true,"index, follow",true,"Animatori pentru petreceri de copii în București și Ilfov","","Personaje de poveste, ateliere creative, modelaj de baloane, mini-disco și jocuri interactive. Adaugă magie la petreceri de copii în București și Ilfov.","","Animatori pentru petreceri de copii în București și Ilfov","","Animatori la domiciliu, la curte, restaurant sau grădiniță în București și Ilfov; Programe cu animatori potrivite pentru petrecerea ta; Ce evităm când organizăm activități cu grupuri de copii; Cum decurge programul cu animatori pas cu pas; Un personaj animator sau două personaje animatoare?; Activități tematice și divertisment interactiv; Personaje animatoare și teme potrivite pentru copii; Cum alegi corect programul cu animatori; Zone acoperite în București și Ilfov; Planifică activitățile pentru petrecerea copilului; Întrebări Frecvente",1292,5923,"service","","","",5,83,false,26,0,"",true,true,true,true,false,false,"","KEEP"
"https://www.kassia.ro/animatori-petreceri-copii-sector-5","/animatori-petreceri-copii-sector-5","/animatori-petreceri-copii-sector-5",true,false,true,true,"",200,"https://www.kassia.ro/animatori-petreceri-copii-sector-5/",true,"index, follow",true,"Animatori pentru petreceri de copii în Sector 5 | Kassia","","Cauți animatori pentru copii în Sectorul 5? Oferim programe interactive cu personaje îndrăgite, jocuri distractive, pictură pe față și modelaj de baloane.","","Animatori pentru petreceri de copii în Sector 5","","Ce face un animator la petrecerea copilului; Programe cu animatori potrivite pentru petrecerea ta; Activități care pot fi incluse în program; Cum adaptăm programul pentru petrecerile din Sector 5; Animatori la domiciliu, la restaurant, grădiniță sau spațiu de joacă în Sector 5; Pentru ce tipuri de petreceri este potrivit; De ce să alegi Kassia pentru petrecerea copilului; Planifică petrecerea copilului în Sector 5; Detalii pentru programul de animație; Întrebări Frecvente",1104,5588,"service","","","",5,79,false,27,0,"",true,true,true,true,false,false,"","KEEP"
"https://www.kassia.ro/animatori-petreceri-copii-sector-1","/animatori-petreceri-copii-sector-1","/animatori-petreceri-copii-sector-1",true,false,true,true,"",200,"https://www.kassia.ro/animatori-petreceri-copii-sector-1/",true,"index, follow",true,"Animatori petreceri copii Sector 1 | Kassia Events","","Animatori pentru petreceri de copii în Sector 1, cu jocuri interactive, mascote, pictură pe față și activități adaptate evenimentului.","","Animatori pentru petreceri de copii în Sector 1","","Ce face un animator la petrecerea copilului; Programe cu animatori potrivite pentru petrecerea ta; Cum alegi programul potrivit pentru locațiile din Sectorul 1; Activități care pot fi incluse în program; Cum adaptăm programul pentru petrecerile din Sector 1; Animatori la domiciliu, la restaurant, grădiniță sau spațiu de joacă în Sector 1; Pentru ce tipuri de petreceri este potrivit; De ce să alegi Kassia pentru petrecerea copilului; Planifică petrecerea copilului în Sector 1; Detalii pentru programul de animație; Întrebări Frecvente",1244,5742,"service","","","",5,80,false,27,0,"",true,true,true,true,false,false,"","KEEP"
"https://www.kassia.ro/preturi-animatori-copii-bucuresti","/preturi-animatori-copii-bucuresti","/preturi-animatori-copii-bucuresti",true,false,true,true,"",200,"https://www.kassia.ro/preturi-animatori-copii-bucuresti/",true,"index, follow",true,"Prețuri și tarife animatori copii București | Kassia","","Vezi pachete și tarife pentru animatori copii în București și Ilfov: 1 personaj, 2 personaje, pinata, Balloon Exploder, picioroange și transport.","","Prețuri animatori copii în București și Ilfov","","Pachete și tarife pentru programele cu animatori copii; Cum arată programele cu animatori; Transport pentru București și Ilfov; Ce poate include programul de animație; Cum alegi varianta potrivită pentru petrecere; Întrebări Frecvente",1263,7345,"service","","","",5,74,false,25,0,"",true,true,true,true,false,false,"","KEEP"
"https://www.kassia.ro/animatori-petreceri-copii-popesti-leordeni","/animatori-petreceri-copii-popesti-leordeni","/animatori-petreceri-copii-popesti-leordeni",true,false,true,true,"",200,"https://www.kassia.ro/animatori-petreceri-copii-popesti-leordeni/",true,"index, follow",true,"Animatori petreceri copii Popești-Leordeni | Kassia Events","","Organizăm petreceri cu animatori și mascote pentru copii în Popești-Leordeni. Poți alege personajul potrivit din catalogul Kassia, cu detalii pentru program și deplasare pe pagina dedicată.","","Animatori petreceri copii în Popești-Leordeni","","Petreceri acasă, la curte sau la restaurant; Programe cu animatori potrivite pentru petrecerea ta; Cum alegi programul potrivit pentru petrecerea din Popești-Leordeni; Personaje și mascote pentru tematici diferite; Detalii pentru program și deplasare; Asistență pentru părinți; Întrebări Frecvente",941,5342,"service","","","",5,77,false,25,0,"",true,true,true,true,false,false,"","KEEP"
"https://www.kassia.ro/animatori-petreceri-copii-berceni","/animatori-petreceri-copii-berceni","/animatori-petreceri-copii-berceni",true,false,true,true,"",200,"https://www.kassia.ro/animatori-petreceri-copii-berceni/",true,"index, follow",true,"Animatori Petreceri Copii Berceni | Sector 4 și Ilfov | Kassia","","Animatori pentru petreceri de copii în cartierul Berceni, Sector 4 și comuna Berceni, Ilfov. Programe adaptate pentru apartamente, restaurante, grădinițe, curți și spații de joacă.","","Animatori petreceri copii Berceni: Sector 4 și Ilfov","","Berceni urban sau comuna Berceni: alegem programul după locație; Programe cu animatori potrivite pentru petrecerea ta; Animatori pentru petreceri în cartierul Berceni și zona de sud; Activități care se pot integra în program; Petreceri în comuna Berceni, curți și ansambluri rezidențiale; Animatori la domiciliu, în curte, la restaurant, grădiniță sau spațiu de joacă în Berceni; Ce detalii ne ajută înainte de eveniment; Întrebări Frecvente",1149,5729,"service","","","",5,79,false,25,0,"",true,true,true,true,false,false,"","KEEP"
"https://www.kassia.ro/animatori-petreceri-copii-voluntari","/animatori-petreceri-copii-voluntari","/animatori-petreceri-copii-voluntari",true,false,true,true,"",200,"https://www.kassia.ro/animatori-petreceri-copii-voluntari/",true,"index, follow",true,"Animatori petreceri copii Voluntari și Pipera | Kassia Events","","Organizăm petreceri cu animatori și mascote pentru copii la domiciliu, în curte sau ansambluri rezidențiale din Voluntari și Pipera. Detalii și program.","","Animatori petreceri copii în Voluntari și Pipera","","Organizarea activităților în curți și ansambluri rezidențiale din Voluntari; Programe cu animatori potrivite pentru Voluntari și Pipera; Scenarii frecvente pentru petreceri în Voluntari și Pipera; Ce evităm când organizăm activități în curți mari; Cum decurge programul pas cu pas; Animatori la domiciliu, în curte, la vilă, restaurant sau ansamblu rezidențial în Voluntari și Pipera; Petreceri în curte și în ansambluri rezidențiale; Jocuri și activități potrivite pentru grupuri de copii; Personaje și mascote pentru tematici diferite; Zone în care adaptăm programul; Întrebări frecvente despre organizarea petrecerii în Voluntari și Pipera; Întrebări Frecvente",1590,6755,"service","","","",5,75,false,33,0,"",true,true,true,true,false,false,"","KEEP"
"https://www.kassia.ro/personaje-animatori-copii-bucuresti","/personaje-animatori-copii-bucuresti","/personaje-animatori-copii-bucuresti",true,false,true,true,"",200,"https://www.kassia.ro/personaje-animatori-copii-bucuresti/",true,"index, follow",true,"Personaje animatori copii București și Ilfov | Peste 300 personaje Kassia","","Alege din peste 300 de personaje pentru animatori copii în București și Ilfov: prințese, supereroi, mascote, personaje din desene animate și personaje sezoniere pentru petreceri, grădinițe și evenimente pentru copii.","","Personaje animatori copii în București și Ilfov","","Personaje foarte cerute pentru petreceri copii; Prințese și personaje de poveste; Supereroi pentru petreceri copii; Mascote și personaje pentru copii mici; Personaje moderne și trenduri actuale; Personaje pentru ocazii speciale; Personaje sezoniere pe tot parcursul anului; Cum alegi personajul potrivit; Personaje în București și Ilfov; Mențiune conformitate; Catalog extins de personaje disponibile; Detalii pentru programele cu animatori; Întrebări Frecvente",1410,5307,"service","","","",5,69,false,20,0,"",true,true,true,true,false,false,"","KEEP"