url,bucket,title,word_count
"https://www.kassia.ro/animatori-petrecere-5-ani-bucuresti","READY_TO_ACTIVATE","Animatori Petreceri Copii animatori petrecere 5 ani bucuresti | Kassia",725
"https://www.kassia.ro/animatori-copii-dorobanti","READY_TO_ACTIVATE","Animatori Petreceri Copii animatori copii dorobanti | Kassia",720
"https://www.kassia.ro/animatori-petrecere-9-ani-bucuresti","READY_TO_ACTIVATE","Animatori Petreceri Copii animatori petrecere 9 ani bucuresti | Kassia",725
"https://www.kassia.ro/animatori-copii-aviatiei","READY_TO_ACTIVATE","Animatori Petreceri Copii animatori copii aviatiei | Kassia",720
"https://www.kassia.ro/animator-copii-2-ore-bucuresti","READY_TO_ACTIVATE","Animatori Petreceri Copii animator copii 2 ore bucuresti | Kassia",725
"https://www.kassia.ro/animatori-cu-concursuri-copii-bucuresti","READY_TO_ACTIVATE","Animatori Petreceri Copii animatori cu concursuri copii bucuresti | Kassia",725
"https://www.kassia.ro/animatori-petreceri-copii-ilfov","READY_TO_ACTIVATE","Animatori Petreceri Copii animatori petreceri copii ilfov | Kassia",727
"https://www.kassia.ro/animator-copii-1-ora-bucuresti","READY_TO_ACTIVATE","Animatori Petreceri Copii animator copii 1 ora bucuresti | Kassia",725
"https://www.kassia.ro/animatori-copii-baneasa","READY_TO_ACTIVATE","Animatori Petreceri Copii animatori copii baneasa | Kassia",720
"https://www.kassia.ro/dans-si-muzica-pentru-copii-bucuresti","READY_TO_ACTIVATE","Animatori Petreceri Copii dans si muzica pentru copii bucuresti | Kassia",730
"https://www.kassia.ro/animatori-after-school-bucuresti","READY_TO_ACTIVATE","Animatori Petreceri Copii animatori after school bucuresti | Kassia",725
"https://www.kassia.ro/animatori-pentru-copii-4-10-ani-bucuresti","READY_TO_ACTIVATE","Animatori Petreceri Copii animatori pentru copii 4 10 ani bucuresti | Kassia",730
"https://www.kassia.ro/spectacol-magie-copii-bucuresti","READY_TO_ACTIVATE","Animatori Petreceri Copii spectacol magie copii bucuresti | Kassia",725
"https://www.kassia.ro/animatori-petrecere-3-ani-bucuresti","READY_TO_ACTIVATE","Animatori Petreceri Copii animatori petrecere 3 ani bucuresti | Kassia",725
"https://www.kassia.ro/animatori-petrecere-copii-prescolari-bucuresti","READY_TO_ACTIVATE","Animatori Petreceri Copii animatori petrecere copii prescolari bucuresti | Kassia",730
"https://www.kassia.ro/animatori-petrecere-6-ani-bucuresti","READY_TO_ACTIVATE","Animatori Petreceri Copii animatori petrecere 6 ani bucuresti | Kassia",725
"https://www.kassia.ro/animatori-petrecere-7-ani-bucuresti","READY_TO_ACTIVATE","Animatori Petreceri Copii animatori petrecere 7 ani bucuresti | Kassia",725
"https://www.kassia.ro/animatori-petrecere-copii-scolari-bucuresti","READY_TO_ACTIVATE","Animatori Petreceri Copii animatori petrecere copii scolari bucuresti | Kassia",730
"https://www.kassia.ro/animatori-petrecere-12-ani-bucuresti","READY_TO_ACTIVATE","Animatori Petreceri Copii animatori petrecere 12 ani bucuresti | Kassia",725
"https://www.kassia.ro/animatori-family-day-bucuresti","READY_TO_ACTIVATE","Animatori Petreceri Copii animatori family day bucuresti | Kassia",725
"https://www.kassia.ro/animatori-petrecere-copii-vara-bucuresti","READY_TO_ACTIVATE","Animatori Petreceri Copii animatori petrecere copii vara bucuresti | Kassia",730
"https://www.kassia.ro/animatori-petrecere-fetite-bucuresti","READY_TO_ACTIVATE","Animatori Petreceri Copii animatori petrecere fetite bucuresti | Kassia",725
"https://www.kassia.ro/animatori-petrecere-copii-iarna-bucuresti","READY_TO_ACTIVATE","Animatori Petreceri Copii animatori petrecere copii iarna bucuresti | Kassia",730
"https://www.kassia.ro/animatori-petrecere-1-an-bucuresti","READY_TO_ACTIVATE","Animatori Petreceri Copii animatori petrecere 1 an bucuresti | Kassia",720
"https://www.kassia.ro/animatori-petrecere-baieti-bucuresti","READY_TO_ACTIVATE","Animatori Petreceri Copii animatori petrecere baieti bucuresti | Kassia",725
"https://www.kassia.ro/animatori-zi-de-nastere-copii-bucuresti","READY_TO_ACTIVATE","Animatori Petreceri Copii animatori zi de nastere copii bucuresti | Kassia",725
"https://www.kassia.ro/animatori-petrecere-2-ani-bucuresti","READY_TO_ACTIVATE","Animatori Petreceri Copii animatori petrecere 2 ani bucuresti | Kassia",725
"https://www.kassia.ro/animatori-petrecere-10-ani-bucuresti","READY_TO_ACTIVATE","Animatori Petreceri Copii animatori petrecere 10 ani bucuresti | Kassia",725
"https://www.kassia.ro/animatori-copii-herastrau","READY_TO_ACTIVATE","Animatori Petreceri Copii animatori copii herastrau | Kassia",720
"https://www.kassia.ro/animatori-petrecere-4-ani-bucuresti","READY_TO_ACTIVATE","Animatori Petreceri Copii animatori petrecere 4 ani bucuresti | Kassia",725
"https://www.kassia.ro/animatori-petrecere-11-ani-bucuresti","READY_TO_ACTIVATE","Animatori Petreceri Copii animatori petrecere 11 ani bucuresti | Kassia",725
"https://www.kassia.ro/animatori-petrecere-8-ani-bucuresti","READY_TO_ACTIVATE","Animatori Petreceri Copii animatori petrecere 8 ani bucuresti | Kassia",725
"https://www.kassia.ro/animatori-petrecere-surpriza-copii-bucuresti","READY_TO_ACTIVATE","Animatori Petreceri Copii animatori petrecere surpriza copii bucuresti | Kassia",730
"https://www.kassia.ro/animatori-copii-dristor","READY_TO_ACTIVATE","Animatori Petreceri Copii animatori copii dristor | Kassia",720
"https://www.kassia.ro/animatori-copii-obor","READY_TO_ACTIVATE","Animatori Petreceri Copii animatori copii obor | Kassia",720
"https://www.kassia.ro/animatori-copii-floreasca","READY_TO_ACTIVATE","Animatori Petreceri Copii animatori copii floreasca | Kassia",720
"https://www.kassia.ro/animatori-copii-vitan","READY_TO_ACTIVATE","Animatori Petreceri Copii animatori copii vitan | Kassia",720
"https://www.kassia.ro/animatori-copii-tineretului","READY_TO_ACTIVATE","Animatori Petreceri Copii animatori copii tineretului | Kassia",720
"https://www.kassia.ro/animatori-copii-colentina","READY_TO_ACTIVATE","Animatori Petreceri Copii animatori copii colentina | Kassia",720
"https://www.kassia.ro/animatori-copii-iancului","READY_TO_ACTIVATE","Animatori Petreceri Copii animatori copii iancului | Kassia",720
"https://www.kassia.ro/animatori-copii-brancoveanu","READY_TO_ACTIVATE","Animatori Petreceri Copii animatori copii brancoveanu | Kassia",720
"https://www.kassia.ro/animatori-copii-ozana","READY_TO_ACTIVATE","Animatori Petreceri Copii animatori copii ozana | Kassia",720
"https://www.kassia.ro/animatori-copii-salajan","READY_TO_ACTIVATE","Animatori Petreceri Copii animatori copii salajan | Kassia",720
"https://www.kassia.ro/animatori-copii-oltenitei","READY_TO_ACTIVATE","Animatori Petreceri Copii animatori copii oltenitei | Kassia",720
"https://www.kassia.ro/animatori-copii-piata-sudului","READY_TO_ACTIVATE","Animatori Petreceri Copii animatori copii piata sudului | Kassia",725
"https://www.kassia.ro/animatori-copii-muncii","READY_TO_ACTIVATE","Animatori Petreceri Copii animatori copii muncii | Kassia",720
"https://www.kassia.ro/animatori-copii-tei","READY_TO_ACTIVATE","Animatori Petreceri Copii animatori copii tei | Kassia",720
"https://www.kassia.ro/animatori-copii-aparatorii-patriei","READY_TO_ACTIVATE","Animatori Petreceri Copii animatori copii aparatorii patriei | Kassia",725
"https://www.kassia.ro/animatori-copii-berceni","READY_TO_ACTIVATE","Animatori Petreceri Copii animatori copii berceni | Kassia",720
"https://www.kassia.ro/animatori-copii-titan","READY_TO_ACTIVATE","Animatori Petreceri Copii animatori copii titan | Kassia",720
"https://www.kassia.ro/animatori-aniversari-copii-bucuresti","READY_TO_ACTIVATE","Animatori Petreceri Copii animatori aniversari copii bucuresti | Kassia",727
"https://www.kassia.ro/animatori-copii-victoriei","READY_TO_ACTIVATE","Animatori Petreceri Copii animatori copii victoriei | Kassia",722
"https://www.kassia.ro/animatori-copii-vacaresti","READY_TO_ACTIVATE","Animatori Petreceri Copii animatori copii vacaresti | Kassia",720
"https://www.kassia.ro/animatori-copii-unirii","READY_TO_ACTIVATE","Animatori Petreceri Copii animatori copii unirii | Kassia",720
"https://www.kassia.ro/animatori-copii-grozavesti","READY_TO_ACTIVATE","Animatori Petreceri Copii animatori copii grozavesti | Kassia",720
"https://www.kassia.ro/animatori-copii-cotroceni","READY_TO_ACTIVATE","Animatori Petreceri Copii animatori copii cotroceni | Kassia",722
"https://www.kassia.ro/animatori-copii-bragadiru","READY_TO_ACTIVATE","Animatori Petreceri Copii animatori copii bragadiru | Kassia",722
"https://www.kassia.ro/animatori-copii-mosilor","READY_TO_ACTIVATE","Animatori Petreceri Copii animatori copii mosilor | Kassia",722
"https://www.kassia.ro/animatori-copii-crangasi","READY_TO_ACTIVATE","Animatori Petreceri Copii animatori copii crangasi | Kassia",720
"https://www.kassia.ro/animatori-copii-giurgiului","READY_TO_ACTIVATE","Animatori Petreceri Copii animatori copii giurgiului | Kassia",720
"https://www.kassia.ro/animatori-copii-rahova","READY_TO_ACTIVATE","Animatori Petreceri Copii animatori copii rahova | Kassia",720
"https://www.kassia.ro/animatori-copii-13-septembrie","READY_TO_ACTIVATE","Animatori Petreceri Copii animatori copii 13 septembrie | Kassia",722
"https://www.kassia.ro/animatori-petrecere-copii-weekend-bucuresti","READY_TO_ACTIVATE","Animatori Petreceri Copii animatori petrecere copii weekend bucuresti | Kassia",730
"https://www.kassia.ro/animatori-copii-ferentari","READY_TO_ACTIVATE","Animatori Petreceri Copii animatori copii ferentari | Kassia",722
"https://www.kassia.ro/animatori-copii-domenii","READY_TO_ACTIVATE","Animatori Petreceri Copii animatori copii domenii | Kassia",722
"https://www.kassia.ro/animatori-copii-universitate","READY_TO_ACTIVATE","Animatori Petreceri Copii animatori copii universitate | Kassia",722
"https://www.kassia.ro/animatori-copii-regie","READY_TO_ACTIVATE","Animatori Petreceri Copii animatori copii regie | Kassia",720
"https://www.kassia.ro/animatori-copii-lujerului","READY_TO_ACTIVATE","Animatori Petreceri Copii animatori copii lujerului | Kassia",720
"https://www.kassia.ro/animatori-copii-nicolae-grigorescu","READY_TO_ACTIVATE","Animatori Petreceri Copii animatori copii nicolae grigorescu | Kassia",725
"https://www.kassia.ro/animatori-copii-ghencea","READY_TO_ACTIVATE","Animatori Petreceri Copii animatori copii ghencea | Kassia",720
"https://www.kassia.ro/animatori-copii-pantelimon-bucuresti","READY_TO_ACTIVATE","Animatori Petreceri Copii animatori copii pantelimon bucuresti | Kassia",725
"https://www.kassia.ro/animatori-copii-militari","READY_TO_ACTIVATE","Animatori Petreceri Copii animatori copii militari | Kassia",720
"https://www.kassia.ro/animatori-copii-giulesti","READY_TO_ACTIVATE","Animatori Petreceri Copii animatori copii giulesti | Kassia",720
"https://www.kassia.ro/animatori-copii-dascalu","READY_TO_ACTIVATE","Animatori Petreceri Copii animatori copii dascalu | Kassia",722
"https://www.kassia.ro/animatori-copii-buftea","READY_TO_ACTIVATE","Animatori Petreceri Copii animatori copii buftea | Kassia",722
"https://www.kassia.ro/animatori-copii-drumul-taberei","READY_TO_ACTIVATE","Animatori Petreceri Copii animatori copii drumul taberei | Kassia",725
"https://www.kassia.ro/animatori-copii-primaverii","READY_TO_ACTIVATE","Animatori Petreceri Copii animatori copii primaverii | Kassia",720
"https://www.kassia.ro/animatori-copii-chitila","READY_TO_ACTIVATE","Animatori Petreceri Copii animatori copii chitila | Kassia",722
"https://www.kassia.ro/animatori-copii-branesti","READY_TO_ACTIVATE","Animatori Petreceri Copii animatori copii branesti | Kassia",722
"https://www.kassia.ro/animatori-copii-romana","READY_TO_ACTIVATE","Animatori Petreceri Copii animatori copii romana | Kassia",722
"https://www.kassia.ro/animatori-copii-gradistea","READY_TO_ACTIVATE","Animatori Petreceri Copii animatori copii gradistea | Kassia",722
"https://www.kassia.ro/animatori-copii-magurele","READY_TO_ACTIVATE","Animatori Petreceri Copii animatori copii magurele | Kassia",722
"https://www.kassia.ro/animatori-copii-copaceni","READY_TO_ACTIVATE","Animatori Petreceri Copii animatori copii copaceni | Kassia",722
"https://www.kassia.ro/animatori-copii-petrachioaia","READY_TO_ACTIVATE","Animatori Petreceri Copii animatori copii petrachioaia | Kassia",722
"https://www.kassia.ro/animatori-copii-afumati","READY_TO_ACTIVATE","Animatori Petreceri Copii animatori copii afumati | Kassia",722
"https://www.kassia.ro/animatori-copii-nuci","READY_TO_ACTIVATE","Animatori Petreceri Copii animatori copii nuci | Kassia",722
"https://www.kassia.ro/animatori-copii-dobroesti","READY_TO_ACTIVATE","Animatori Petreceri Copii animatori copii dobroesti | Kassia",722
"https://www.kassia.ro/animatori-copii-stefanestii-de-jos","READY_TO_ACTIVATE","Animatori Petreceri Copii animatori copii stefanestii de jos | Kassia",727
"https://www.kassia.ro/animatori-copii-popesti-leordeni","READY_TO_ACTIVATE","Animatori Petreceri Copii animatori copii popesti leordeni | Kassia",727
"https://www.kassia.ro/animatori-copii-tunari","READY_TO_ACTIVATE","Animatori Petreceri Copii animatori copii tunari | Kassia",722
"https://www.kassia.ro/animatori-copii-snagov","READY_TO_ACTIVATE","Animatori Petreceri Copii animatori copii snagov | Kassia",722
"https://www.kassia.ro/animatori-copii-otopeni","READY_TO_ACTIVATE","Animatori Petreceri Copii animatori copii otopeni | Kassia",722
"https://www.kassia.ro/animatori-copii-ciorogarla","READY_TO_ACTIVATE","Animatori Petreceri Copii animatori copii ciorogarla | Kassia",722
"https://www.kassia.ro/animatori-copii-darasti-ilfov","READY_TO_ACTIVATE","Animatori Petreceri Copii animatori copii darasti ilfov | Kassia",727
"https://www.kassia.ro/animatori-copii-corbeanca","READY_TO_ACTIVATE","Animatori Petreceri Copii animatori copii corbeanca | Kassia",722
"https://www.kassia.ro/animatori-copii-moara-vlasiei","READY_TO_ACTIVATE","Animatori Petreceri Copii animatori copii moara vlasiei | Kassia",727
"https://www.kassia.ro/animatori-copii-cernica","READY_TO_ACTIVATE","Animatori Petreceri Copii animatori copii cernica | Kassia",722
"https://www.kassia.ro/animatori-copii-peris","READY_TO_ACTIVATE","Animatori Petreceri Copii animatori copii peris | Kassia",722
"https://www.kassia.ro/animatori-copii-gruiu","READY_TO_ACTIVATE","Animatori Petreceri Copii animatori copii gruiu | Kassia",722
"https://www.kassia.ro/animatori-copii-ganeasa","READY_TO_ACTIVATE","Animatori Petreceri Copii animatori copii ganeasa | Kassia",722
"https://www.kassia.ro/animatori-copii-balotesti","READY_TO_ACTIVATE","Animatori Petreceri Copii animatori copii balotesti | Kassia",722
"https://www.kassia.ro/animatori-copii-mogosoaia","READY_TO_ACTIVATE","Animatori Petreceri Copii animatori copii mogosoaia | Kassia",722
"https://www.kassia.ro/animatori-copii-dragomiresti-vale","READY_TO_ACTIVATE","Animatori Petreceri Copii animatori copii dragomiresti vale | Kassia",727
"https://www.kassia.ro/animatori-copii-ciolpani","READY_TO_ACTIVATE","Animatori Petreceri Copii animatori copii ciolpani | Kassia",722
"https://www.kassia.ro/animatori-copii-domnesti","READY_TO_ACTIVATE","Animatori Petreceri Copii animatori copii domnesti | Kassia",722
"https://www.kassia.ro/animatori-copii-chiajna","READY_TO_ACTIVATE","Animatori Petreceri Copii animatori copii chiajna | Kassia",722
"https://www.kassia.ro/animatori-copii-clinceni","READY_TO_ACTIVATE","Animatori Petreceri Copii animatori copii clinceni | Kassia",722
"https://www.kassia.ro/animatori-copii-vidra","READY_TO_ACTIVATE","Animatori Petreceri Copii animatori copii vidra | Kassia",722
"https://www.kassia.ro/animatori-copii-cornetu","READY_TO_ACTIVATE","Animatori Petreceri Copii animatori copii cornetu | Kassia",722
"https://www.kassia.ro/animatori-copii-pantelimon-ilfov","READY_TO_ACTIVATE","Animatori Petreceri Copii animatori copii pantelimon ilfov | Kassia",727
"https://www.kassia.ro/animatori-copii-glina","READY_TO_ACTIVATE","Animatori Petreceri Copii animatori copii glina | Kassia",722
"https://www.kassia.ro/animatori-copii-la-loc-de-joaca-bucuresti","READY_TO_ACTIVATE","Animatori Petreceri Copii animatori copii la loc de joaca bucuresti | Kassia",730
"https://www.kassia.ro/animatori-copii-la-sala-evenimente-bucuresti","READY_TO_ACTIVATE","Animatori Petreceri Copii animatori copii la sala evenimente bucuresti | Kassia",730
"https://www.kassia.ro/animatori-copii-in-aer-liber-bucuresti","READY_TO_ACTIVATE","Animatori Petreceri Copii animatori copii in aer liber bucuresti | Kassia",730
"https://www.kassia.ro/animatori-pirati-bucuresti","READY_TO_ACTIVATE","Animatori Petreceri Copii animatori pirati bucuresti | Kassia",720
"https://www.kassia.ro/animatori-copii-la-curte-bucuresti","READY_TO_ACTIVATE","Animatori Petreceri Copii animatori copii la curte bucuresti | Kassia",725
"https://www.kassia.ro/animatori-copii-acasa-bucuresti","READY_TO_ACTIVATE","Animatori Petreceri Copii animatori copii acasa bucuresti | Kassia",725
"https://www.kassia.ro/animatori-copii-la-terasa-bucuresti","READY_TO_ACTIVATE","Animatori Petreceri Copii animatori copii la terasa bucuresti | Kassia",725
"https://www.kassia.ro/animatori-zane-bucuresti","READY_TO_ACTIVATE","Animatori Petreceri Copii animatori zane bucuresti | Kassia",722
"https://www.kassia.ro/animatori-copii-jilava","READY_TO_ACTIVATE","Animatori Petreceri Copii animatori copii jilava | Kassia",722
"https://www.kassia.ro/animatori-copii-1-decembrie","READY_TO_ACTIVATE","Animatori Petreceri Copii animatori copii 1 decembrie | Kassia",722
"https://www.kassia.ro/animatori-petreceri-copii-floreasca","READY_TO_ACTIVATE","Animatori pentru petreceri de copii în Floreasca | Kassia",958
"https://www.kassia.ro/termeni-si-conditii","NEEDS_CONTENT_GROWTH_FIRST","Termeni Si Conditii - Kassia",389
"https://www.kassia.ro/politica-cookies","NEEDS_CONTENT_GROWTH_FIRST","Politica Cookies - Kassia",389
"https://www.kassia.ro/blog","NEEDS_CONTENT_GROWTH_FIRST","Blog - Kassia",559
"https://www.kassia.ro/despre-noi","NEEDS_CONTENT_GROWTH_FIRST","Despre Noi - Kassia",389
"https://www.kassia.ro/portofoliu-evenimente","NEEDS_CONTENT_GROWTH_FIRST","Portofoliu Evenimente - Kassia",469
"https://www.kassia.ro/decoratiuni-baloane-obor","NEEDS_CONTENT_GROWTH_FIRST","Decoratiuni Baloane Obor - Kassia",394
"https://www.kassia.ro/decoratiuni-baloane-giulesti","NEEDS_CONTENT_GROWTH_FIRST","Decoratiuni Baloane Giulesti - Kassia",394
"https://www.kassia.ro/decoratiuni-baloane-tei","NEEDS_CONTENT_GROWTH_FIRST","Decoratiuni Baloane Tei - Kassia",394
"https://www.kassia.ro/decoratiuni-baloane-tunari","NEEDS_CONTENT_GROWTH_FIRST","Decoratiuni Baloane Tunari - Kassia",394
"https://www.kassia.ro/decoratiuni-baloane-victoriei","NEEDS_CONTENT_GROWTH_FIRST","Decoratiuni Baloane Victoriei - Kassia",394
"https://www.kassia.ro/decoratiuni-baloane-tineretului","NEEDS_CONTENT_GROWTH_FIRST","Decoratiuni Baloane Tineretului - Kassia",394
"https://www.kassia.ro/decoratiuni-baloane-colentina","NEEDS_CONTENT_GROWTH_FIRST","Decoratiuni Baloane Colentina - Kassia",394
"https://www.kassia.ro/decoratiuni-baloane-herastrau","NEEDS_CONTENT_GROWTH_FIRST","Decoratiuni Baloane Herastrau - Kassia",394
"https://www.kassia.ro/decoratiuni-baloane-berceni","NEEDS_CONTENT_GROWTH_FIRST","Decoratiuni Baloane Berceni - Kassia",394
"https://www.kassia.ro/decoratiuni-baloane-drumul-taberei","NEEDS_CONTENT_GROWTH_FIRST","Decoratiuni Baloane Drumul Taberei - Kassia",395
"https://www.kassia.ro/decoratiuni-baloane-oltenitei","NEEDS_CONTENT_GROWTH_FIRST","Decoratiuni Baloane Oltenitei - Kassia",394
"https://www.kassia.ro/decoratiuni-baloane-militari","NEEDS_CONTENT_GROWTH_FIRST","Decoratiuni Baloane Militari - Kassia",394
"https://www.kassia.ro/recenzii","NEEDS_CONTENT_GROWTH_FIRST","Recenzii - Kassia",388
"https://www.kassia.ro/decoratiuni-baloane-afumati","NEEDS_CONTENT_GROWTH_FIRST","Decoratiuni Baloane Afumati - Kassia",394
"https://www.kassia.ro/intrebari-frecvente","NEEDS_CONTENT_GROWTH_FIRST","Intrebari Frecvente - Kassia",389
"https://www.kassia.ro/decoratiuni-baloane-crangasi","NEEDS_CONTENT_GROWTH_FIRST","Decoratiuni Baloane Crangasi - Kassia",394
"https://www.kassia.ro/decoratiuni-baloane-bragadiru","NEEDS_CONTENT_GROWTH_FIRST","Decoratiuni Baloane Bragadiru - Kassia",394
"https://www.kassia.ro/decoratiuni-baloane-otopeni","NEEDS_CONTENT_GROWTH_FIRST","Decoratiuni Baloane Otopeni - Kassia",394
"https://www.kassia.ro/decoratiuni-baloane-magurele","NEEDS_CONTENT_GROWTH_FIRST","Decoratiuni Baloane Magurele - Kassia",394
"https://www.kassia.ro/decoratiuni-baloane-piata-sudului","NEEDS_CONTENT_GROWTH_FIRST","Decoratiuni Baloane Piata Sudului - Kassia",395
"https://www.kassia.ro/decoratiuni-baloane-grozavesti","NEEDS_CONTENT_GROWTH_FIRST","Decoratiuni Baloane Grozavesti - Kassia",394
"https://www.kassia.ro/baloane-personalizate-bucuresti","NEEDS_CONTENT_GROWTH_FIRST","Baloane Personalizate Bucuresti - Kassia",395
"https://www.kassia.ro/decoratiuni-baloane-pipera","NEEDS_CONTENT_GROWTH_FIRST","Decoratiuni Baloane Pipera - Kassia",394
"https://www.kassia.ro/arcada-baloane-nunta-bucuresti","NEEDS_CONTENT_GROWTH_FIRST","Arcada Baloane Nunta Bucuresti - Kassia",392
"https://www.kassia.ro/decoratiuni-baloane-sector-5","NEEDS_CONTENT_GROWTH_FIRST","Decoratiuni Baloane Sector 5 - Kassia",394
"https://www.kassia.ro/decoratiuni-baloane-sector-4","NEEDS_CONTENT_GROWTH_FIRST","Decoratiuni Baloane Sector 4 - Kassia",394
"https://www.kassia.ro/decoratiuni-baloane-baneasa","NEEDS_CONTENT_GROWTH_FIRST","Decoratiuni Baloane Baneasa - Kassia",394
"https://www.kassia.ro/decoratiuni-baloane-dascalu","NEEDS_CONTENT_GROWTH_FIRST","Decoratiuni Baloane Dascalu - Kassia",394
"https://www.kassia.ro/decoratiuni-baloane-domnesti","NEEDS_CONTENT_GROWTH_FIRST","Decoratiuni Baloane Domnesti - Kassia",394
"https://www.kassia.ro/decoratiuni-baloane-aviatiei","NEEDS_CONTENT_GROWTH_FIRST","Decoratiuni Baloane Aviatiei - Kassia",394
"https://www.kassia.ro/decoratiuni-baloane-sector-6","NEEDS_CONTENT_GROWTH_FIRST","Decoratiuni Baloane Sector 6 - Kassia",394
"https://www.kassia.ro/decoratiuni-baloane-aparatorii-patriei","NEEDS_CONTENT_GROWTH_FIRST","Decoratiuni Baloane Aparatorii Patriei - Kassia",395
"https://www.kassia.ro/decoratiuni-baloane-stefanestii-de-jos","NEEDS_CONTENT_GROWTH_FIRST","Decoratiuni Baloane Stefanestii De Jos - Kassia",395
"https://www.kassia.ro/decoratiuni-baloane-chiajna","NEEDS_CONTENT_GROWTH_FIRST","Decoratiuni Baloane Chiajna - Kassia",394
"https://www.kassia.ro/decoratiuni-baloane-sector-1","NEEDS_CONTENT_GROWTH_FIRST","Decoratiuni Baloane Sector 1 - Kassia",394
"https://www.kassia.ro/decoratiuni-baloane-cernica","NEEDS_CONTENT_GROWTH_FIRST","Decoratiuni Baloane Cernica - Kassia",394
"https://www.kassia.ro/decoratiuni-baloane-clinceni","NEEDS_CONTENT_GROWTH_FIRST","Decoratiuni Baloane Clinceni - Kassia",394
"https://www.kassia.ro/decoratiuni-baloane-mogosoaia","NEEDS_CONTENT_GROWTH_FIRST","Decoratiuni Baloane Mogosoaia - Kassia",394
"https://www.kassia.ro/decoratiuni-baloane-domenii","NEEDS_CONTENT_GROWTH_FIRST","Decoratiuni Baloane Domenii - Kassia",394
"https://www.kassia.ro/decoratiuni-baloane-dragomiresti-vale","NEEDS_CONTENT_GROWTH_FIRST","Decoratiuni Baloane Dragomiresti Vale - Kassia",395
"https://www.kassia.ro/decoratiuni-baloane-jilava","NEEDS_CONTENT_GROWTH_FIRST","Decoratiuni Baloane Jilava - Kassia",394
"https://www.kassia.ro/decoratiuni-baloane-13-septembrie","NEEDS_CONTENT_GROWTH_FIRST","Decoratiuni Baloane 13 Septembrie - Kassia",394
"https://www.kassia.ro/decoratiuni-baloane-dudesti","NEEDS_CONTENT_GROWTH_FIRST","Decoratiuni Baloane Dudesti - Kassia",394
"https://www.kassia.ro/decoratiuni-baloane-stefan-cel-mare","NEEDS_CONTENT_GROWTH_FIRST","Decoratiuni Baloane Stefan Cel Mare - Kassia",396
"https://www.kassia.ro/decoratiuni-baloane-titan","NEEDS_CONTENT_GROWTH_FIRST","Decoratiuni Baloane Titan - Kassia",394
"https://www.kassia.ro/decoratiuni-baloane-unirii","NEEDS_CONTENT_GROWTH_FIRST","Decoratiuni Baloane Unirii - Kassia",394
"https://www.kassia.ro/decoratiuni-baloane-rahova","NEEDS_CONTENT_GROWTH_FIRST","Decoratiuni Baloane Rahova - Kassia",394
"https://www.kassia.ro/decoratiuni-baloane-dristor","NEEDS_CONTENT_GROWTH_FIRST","Decoratiuni Baloane Dristor - Kassia",394
"https://www.kassia.ro/decoratiuni-baloane-vitan","NEEDS_CONTENT_GROWTH_FIRST","Decoratiuni Baloane Vitan - Kassia",394
"https://www.kassia.ro/decoratiuni-baloane-sebastian","NEEDS_CONTENT_GROWTH_FIRST","Decoratiuni Baloane Sebastian - Kassia",394
"https://www.kassia.ro/decoratiuni-baloane-ferentari","NEEDS_CONTENT_GROWTH_FIRST","Decoratiuni Baloane Ferentari - Kassia",394
"https://www.kassia.ro/decoratiuni-baloane-sector-2","NEEDS_CONTENT_GROWTH_FIRST","Decoratiuni Baloane Sector 2 - Kassia",394
"https://www.kassia.ro/decoratiuni-baloane-sector-3","NEEDS_CONTENT_GROWTH_FIRST","Decoratiuni Baloane Sector 3 - Kassia",394
"https://www.kassia.ro/decoratiuni-baloane-balotesti","NEEDS_CONTENT_GROWTH_FIRST","Decoratiuni Baloane Balotesti - Kassia",394
"https://www.kassia.ro/decoratiuni-baloane-1-decembrie","NEEDS_CONTENT_GROWTH_FIRST","Decoratiuni Baloane 1 Decembrie - Kassia",394
"https://www.kassia.ro/decoratiuni-baloane-popesti-leordeni","NEEDS_CONTENT_GROWTH_FIRST","Decoratiuni Baloane Popesti Leordeni - Kassia",395
"https://www.kassia.ro/decoratiuni-baloane-berceni-ilfov","NEEDS_CONTENT_GROWTH_FIRST","Decoratiuni Baloane Berceni Ilfov - Kassia",396
"https://www.kassia.ro/decoratiuni-baloane-pantelimon-ilfov","NEEDS_CONTENT_GROWTH_FIRST","Decoratiuni Baloane Pantelimon Ilfov - Kassia",396
"https://www.kassia.ro/decoratiuni-baloane-snagov","NEEDS_CONTENT_GROWTH_FIRST","Decoratiuni Baloane Snagov - Kassia",394
"https://www.kassia.ro/decoratiuni-baloane-chitila","NEEDS_CONTENT_GROWTH_FIRST","Decoratiuni Baloane Chitila - Kassia",394
"https://www.kassia.ro/decoratiuni-baloane-pantelimon","NEEDS_CONTENT_GROWTH_FIRST","Decoratiuni Baloane Pantelimon - Kassia",394
"https://www.kassia.ro/decoratiuni-baloane-corbeanca","NEEDS_CONTENT_GROWTH_FIRST","Decoratiuni Baloane Corbeanca - Kassia",394
"https://www.kassia.ro/decor-baloane-candy-bar-bucuresti","NEEDS_CONTENT_GROWTH_FIRST","Decor Baloane Candy Bar Bucuresti - Kassia",397
"https://www.kassia.ro/politica-de-confidentialitate","NEEDS_CONTENT_GROWTH_FIRST","Politica De Confidentialitate - Kassia",389
"https://www.kassia.ro/decoratiuni-baloane-voluntari","NEEDS_CONTENT_GROWTH_FIRST","Decoratiuni Baloane Voluntari - Kassia",394
"https://www.kassia.ro/decoratiuni-baloane-cotroceni","NEEDS_CONTENT_GROWTH_FIRST","Decoratiuni Baloane Cotroceni - Kassia",394
"https://www.kassia.ro/animatori-copii-sector-6","TECH_FIX_REQUIRED","Animatori pentru petreceri de copii în Sector 6 | Kassia",1168
"https://www.kassia.ro/animatori-petreceri-copii-bucuresti","TECH_FIX_REQUIRED","Animatori pentru petreceri de copii în București și Ilfov",1292
"https://www.kassia.ro/animatori-copii-pipera-bucuresti","TECH_FIX_REQUIRED","Animatori petreceri copii Voluntari și Pipera | Kassia Events",1590
"https://www.kassia.ro/animatori-pentru-copii-mici-bucuresti","TECH_FIX_REQUIRED","Animatori pentru petreceri de copii în București și Ilfov",1292
"https://www.kassia.ro/animatori-copii-sector-2","TECH_FIX_REQUIRED","Animatori pentru petreceri de copii în Sector 2 | Kassia",1181
"https://www.kassia.ro/animatori-copii-sector-1","TECH_FIX_REQUIRED","Animatori petreceri copii Sector 1 | Kassia Events",1244
"https://www.kassia.ro/animatori-copii-sector-4","TECH_FIX_REQUIRED","Animatori pentru petreceri de copii în Sector 4 | Kassia",1099
"https://www.kassia.ro/animatori-copii-sector-5","TECH_FIX_REQUIRED","Animatori pentru petreceri de copii în Sector 5 | Kassia",1104
"https://www.kassia.ro/animatori-copii-sector-3","TECH_FIX_REQUIRED","Animatori pentru petreceri de copii în Sector 3 | Kassia",1104
"https://www.kassia.ro/animatori-tematici-petreceri-copii-bucuresti","TECH_FIX_REQUIRED","Animatori pentru petreceri de copii în București și Ilfov",1292
"https://www.kassia.ro/animatori-copii-la-evenimente-private-bucuresti","TECH_FIX_REQUIRED","Animatori pentru petreceri de copii în București și Ilfov",1292
"https://www.kassia.ro/oferta-animatori-petreceri-copii-bucuresti","TECH_FIX_REQUIRED","Prețuri și tarife animatori copii București | Kassia",1263